,p_val,avg_log2FC,pct.1,pct.2,p_val_adj,gene,group
E6,0,2.66942976198139,0.927,0,0,E6,up
E7,1.54497920547295e-222,0.620237618371187,0.432,0,5.65601437331593e-218,E7,up
STMN1,2.09665068403567e-211,1.20613970673023,0.853,0.423,7.67562848918617e-207,STMN1,up
HMGN2,2.05896380260279e-165,0.969517430780496,0.934,0.721,7.53766058494855e-161,HMGN2,up
CKS1B,3.63090047895639e-164,0.740685422838111,0.652,0.228,1.32923635634114e-159,CKS1B,up
TUBA1B,4.72521152819272e-158,1.0049368441095,0.869,0.575,1.72985268835607e-153,TUBA1B,up
PTMA,1.35103353752755e-157,0.705623264727827,0.993,0.952,4.94599867753459e-153,PTMA,up
SYCP2,3.41062031722744e-156,0.538642048156997,0.627,0.19,1.2485939919338e-151,SYCP2,up
E2,6.33664572562655e-155,0.588998736172009,0.321,0,2.31978263369462e-150,E2,up
NUCKS1,2.55765363978241e-154,0.880947010882066,0.877,0.575,9.36331420987943e-150,NUCKS1,up
DEK,3.70070049888984e-151,0.658457303023072,0.917,0.672,1.35478944563858e-146,DEK,up
PLP2,2.8825773665037e-148,0.796681571167831,0.881,0.555,1.05528274810334e-143,PLP2,up
NPM1,5.35588630227695e-147,0.71494040874985,0.95,0.748,1.96073641640057e-142,NPM1,up
E1,2.60136885160291e-146,0.503932725475469,0.305,0,9.52335122883309e-142,E1,up
NME2,4.14427720922807e-142,0.776131127207491,0.911,0.664,1.5171784435263e-137,NME2,up
SMC1B,2.09273544759699e-141,0.424782359849277,0.501,0.108,7.66129520010781e-137,SMC1B,up
MCM2,4.62888089363689e-140,0.490394473981974,0.515,0.125,1.69458700635153e-135,MCM2,up
TAGLN2,1.31141637709699e-139,0.775202994464621,0.947,0.775,4.80096421491438e-135,TAGLN2,up
SMC4,1.0429366089365e-138,0.701605233099437,0.82,0.443,3.81808663165565e-134,SMC4,up
KRT5,8.70973935789579e-137,0.83168907350139,0.945,0.646,3.18854848153207e-132,KRT5,up
H2AFZ,2.97202486359574e-136,0.799654637471869,0.91,0.701,1.08802858231376e-131,H2AFZ,up
SNRPF,3.98990359103473e-136,0.618183233635875,0.825,0.481,1.4606638056419e-131,SNRPF,up
GAPDH,5.48076939143014e-134,0.731810106773723,0.986,0.926,2.00645486650866e-129,GAPDH,up
RAN,1.53840188271907e-132,0.695299082906484,0.897,0.665,5.63193545244624e-128,RAN,up
SNRPD1,1.56597042856826e-132,0.607639212640323,0.797,0.455,5.73286114194554e-128,SNRPD1,up
S100A2,4.31322892344816e-132,0.900994929322493,0.966,0.762,1.57902997658514e-127,S100A2,up
PPIA,2.31460979115292e-131,0.648245187620396,0.974,0.885,8.47355498443172e-127,PPIA,up
HNRNPA1,7.96549225674117e-131,0.633022686120348,0.941,0.753,2.91608706027038e-126,HNRNPA1,up
TK1,3.14427266271387e-129,0.47470529249548,0.498,0.125,1.15108677909292e-124,TK1,up
RPLP1,4.42767762320926e-129,0.725205940602117,0.993,0.956,1.62092850108068e-124,RPLP1,up
ATAD2,6.06914013270396e-129,0.523916749905648,0.691,0.276,2.22185151118159e-124,ATAD2,up
HNRNPA2B1,7.93492533773493e-129,0.601536446500551,0.977,0.87,2.90489681689138e-124,HNRNPA2B1,up
GGH,1.01041411558693e-128,0.378643779380689,0.484,0.12,3.6990250357522e-124,GGH,up
CENPK,1.14882412890701e-128,0.388490035510995,0.516,0.132,4.20573025351567e-124,CENPK,up
MCM7,4.11674106663803e-128,0.518095073896182,0.647,0.248,1.50709773708551e-123,MCM7,up
UHRF1,6.2106178678436e-127,0.495406765241286,0.477,0.116,2.27364509523886e-122,UHRF1,up
RPS3,2.95799245061457e-126,0.622715414711335,0.979,0.877,1.08289145624549e-121,RPS3,up
NME1,3.87874846664717e-126,0.569087288123374,0.7,0.317,1.41997102615486e-121,NME1,up
HMGB1,1.04087084977075e-125,0.745049455419301,0.961,0.84,3.81052409392573e-121,HMGB1,up
SPRR3,3.21246490290409e-125,-2.374866910318,0.224,0.543,1.17605127630416e-120,SPRR3,down
RPL35,1.21512871793031e-124,0.672984525787363,0.977,0.898,4.44846472347109e-120,RPL35,up
YBX1,1.25854261775629e-124,0.629772589697523,0.956,0.808,4.607398669344e-120,YBX1,up
RPLP0,2.8674773765002e-124,0.705871192427219,0.977,0.89,1.04975479276296e-119,RPLP0,up
LMNB1,3.43451157170039e-124,0.426176726926057,0.54,0.162,1.2573403412838e-119,LMNB1,up
RPS2,1.6350556534145e-123,0.694635240542949,0.981,0.897,5.98577524158515e-119,RPS2,up
CENPF,3.2294427026455e-122,1.0183248754065,0.472,0.125,1.18226667901149e-117,CENPF,up
MCM5,4.36828313289954e-122,0.491360625866956,0.553,0.182,1.59918477212319e-117,MCM5,up
RPS21,9.27310206397778e-122,0.680330830353323,0.979,0.897,3.39478993460163e-117,RPS21,up
TMPO,2.62850191755861e-121,0.537986476017078,0.737,0.353,9.62268266999031e-117,TMPO,up
LSM5,8.18552814629333e-121,0.503941643791224,0.719,0.358,2.99663999907652e-116,LSM5,up
RPL36A,9.59826522949259e-121,0.742394857070634,0.964,0.838,3.51382891786494e-116,RPL36A,up
PCLAF,1.55132550324583e-120,0.485565774958113,0.491,0.129,5.67924753483266e-116,PCLAF,up
PTMS,3.0831191838439e-120,0.74931645929545,0.79,0.446,1.12869910201341e-115,PTMS,up
DNMT1,1.20503956236151e-119,0.500283148293361,0.686,0.303,4.41152933384924e-115,DNMT1,up
MT2A,3.00496587604164e-119,0.995421279806873,0.897,0.626,1.10008795756008e-114,MT2A,up
DNAJC9,3.82328026454432e-119,0.407611864931765,0.583,0.204,1.39966467204703e-114,DNAJC9,up
ENO1,8.2047048380839e-119,0.697868022083889,0.947,0.772,3.00366039417414e-114,ENO1,up
TFDP1,9.43025026694123e-119,0.431995528776028,0.641,0.263,3.45232032022452e-114,TFDP1,up
SMC2,1.72271772988036e-117,0.402430799319361,0.543,0.176,6.30669733731902e-113,SMC2,up
PRC1,1.94265553058271e-117,0.494425457009461,0.481,0.129,7.11186763191025e-113,PRC1,up
MIR924HG,1.99098010663394e-117,0.508948960741706,0.579,0.193,7.28877907237621e-113,MIR924HG,up
FBL,4.9039948689214e-117,0.530740142743856,0.742,0.381,1.79530348156343e-112,FBL,up
MCM4,9.86904231849897e-117,0.412292433369274,0.59,0.207,3.61295770237929e-112,MCM4,up
NCL,2.77912026815299e-116,0.650189371079723,0.917,0.675,1.01740813896813e-111,NCL,up
HLTF,8.26297696915193e-115,0.430977920405839,0.616,0.247,3.02499323863683e-110,HLTF,up
RPS6,1.60670402176031e-114,0.633016802924897,0.98,0.876,5.88198275326232e-110,RPS6,up
RBP1,4.34733213569237e-114,0.513574014454122,0.703,0.31,1.59151482155562e-109,RBP1,up
NUSAP1,2.1570101714566e-113,0.610348483747598,0.551,0.192,7.89659853668545e-109,NUSAP1,up
TPX2,3.88798795022037e-112,0.601740884059465,0.428,0.102,1.42335350869618e-107,TPX2,up
SNRPB,9.20418867034469e-112,0.582765970402053,0.861,0.592,3.36956143032649e-107,SNRPB,up
ATP5MC3,2.97153093606098e-111,0.654229714780144,0.871,0.621,1.08784776038257e-106,ATP5MC3,up
RPS15,5.90341732057562e-111,0.554907859186529,0.984,0.923,2.16118204688953e-106,RPS15,up
UBE2T,1.61223059389691e-110,0.366332399183385,0.417,0.098,5.9022149811972e-106,UBE2T,up
GINS2,1.6487260520307e-109,0.363165735678327,0.405,0.09,6.03582120387918e-105,GINS2,up
RPL10A,7.32834236575579e-109,0.540973574850113,0.955,0.801,2.68283285667954e-104,RPL10A,up
ORC6,8.32060718546485e-109,0.253430915400446,0.387,0.078,3.04609108452683e-104,ORC6,up
TOPBP1,8.40167719030943e-109,0.408597317584956,0.653,0.275,3.07577000260038e-104,TOPBP1,up
PARP1,1.55506947312519e-108,0.448838202953369,0.7,0.34,5.692953834164e-104,PARP1,up
DKC1,2.62180357492932e-108,0.403281016707344,0.576,0.222,9.59816070745874e-104,DKC1,up
MYC,2.89681413709996e-108,0.623675564663936,0.648,0.276,1.06049468745093e-103,MYC,up
TP63,4.17167729397005e-108,0.598324360520402,0.828,0.447,1.5272093405495e-103,TP63,up
WDHD1,6.66379248177578e-108,0.287496248009928,0.439,0.108,2.43954778965329e-103,WDHD1,up
RPL4,8.12108947754403e-108,0.687956199687898,0.931,0.747,2.9730496468341e-103,RPL4,up
RNASEH2A,1.19600240633686e-107,0.316178911073121,0.429,0.109,4.37844520935863e-103,RNASEH2A,up
SLC25A5,1.98696787945549e-107,0.700662893267816,0.906,0.676,7.27409070989862e-103,SLC25A5,up
FBLN1,6.8412536549042e-107,0.397160348832971,0.582,0.215,2.50451455052388e-102,FBLN1,up
RPL22,1.60002586413976e-106,0.538077920111159,0.973,0.862,5.85753468602924e-102,RPL22,up
PTTG1,2.30789982162144e-106,0.765666337181782,0.675,0.329,8.44899045697393e-102,PTTG1,up
CDT1,5.37956025027035e-106,0.314171812310653,0.38,0.074,1.96940321202147e-101,CDT1,up
CBX5,1.25447533530836e-105,0.383895331039133,0.628,0.26,4.59250875503036e-101,CBX5,up
RPL39L,1.99139917090821e-105,0.377544135000692,0.498,0.162,7.29031322477786e-101,RPL39L,up
RPS7,2.10636660463716e-105,0.560066678802479,0.977,0.889,7.71119750291617e-101,RPS7,up
DTL,2.59597393831279e-105,0.354555215207074,0.387,0.08,9.50360099076928e-101,DTL,up
PPIH,3.83126123086895e-105,0.362622583021894,0.621,0.258,1.40258642400882e-100,PPIH,up
ATP5MC1,4.31719260901411e-105,0.52258619329587,0.722,0.386,1.58048104223398e-100,ATP5MC1,up
MIR205HG,2.57953131703867e-104,0.873684792816456,0.878,0.56,9.44340619854688e-100,MIR205HG,up
MT1E,1.02627620489452e-103,0.715509181118123,0.604,0.246,3.75709455849834e-99,MT1E,up
MCM3,2.3309313260181e-103,0.4369068211347,0.53,0.191,8.53330649141965e-99,MCM3,up
LGALS7,2.6875801190545e-103,0.821049785924084,0.756,0.401,9.83896205784662e-99,LGALS7,up
RFC4,5.51720895988894e-103,0.306658772449353,0.49,0.153,2.01979502812574e-98,RFC4,up
ASF1B,6.33098562318499e-103,0.296537293996686,0.416,0.098,2.31771052679179e-98,ASF1B,up
KNL1,7.86262135941402e-103,0.403661829802399,0.395,0.09,2.87842705346788e-98,KNL1,up
SNRPD2,8.51638640807284e-103,0.558229368730851,0.907,0.701,3.11776390013139e-98,SNRPD2,up
RANBP1,1.4164624895561e-102,0.523570145696575,0.727,0.405,5.18552752801594e-98,RANBP1,up
CENPP,9.11821949951183e-102,0.441697481628122,0.655,0.29,3.33808897657629e-97,CENPP,up
LGALS7B,1.10096215049359e-101,0.734733850638285,0.714,0.376,4.03051233674198e-97,LGALS7B,up
RRM1,7.13006364624979e-101,0.392429001904385,0.562,0.218,2.61024500025559e-96,RRM1,up
CLSPN,1.01826362915736e-100,0.303818220631535,0.418,0.103,3.72776131998219e-96,CLSPN,up
MTHFD1,1.51239633688775e-100,0.358633258160345,0.517,0.182,5.53673174971235e-96,MTHFD1,up
E5,2.079589004542e-100,0.350337897028913,0.219,0,7.61316738672782e-96,E5,up
CDK4,3.50196987564627e-100,0.414952976460786,0.571,0.233,1.28203615177534e-95,CDK4,up
RPS8,1.25497996222607e-99,0.560869622422849,0.992,0.94,4.59435614371343e-95,RPS8,up
HMGB2,4.10211470854608e-99,0.695727979913211,0.744,0.413,1.50174317365163e-94,HMGB2,up
PA2G4,8.6847544052905e-99,0.493702543827359,0.815,0.532,3.1794017402328e-94,PA2G4,up
CCT5,9.30109767350682e-99,0.530516623269219,0.804,0.52,3.40503884729411e-94,CCT5,up
ASPM,2.01983367773674e-98,0.707181395319386,0.378,0.088,7.39440911082645e-94,ASPM,up
MKI67,2.48408940873682e-98,0.650155276893532,0.435,0.12,9.09400291644462e-94,MKI67,up
RPL8,2.53042065433992e-97,0.600705904028013,0.979,0.907,9.26361697347301e-93,RPL8,up
NQO1,3.51936145195929e-97,0.634716652169928,0.637,0.308,1.28840303394778e-92,NQO1,up
SNRPE,9.09580659441359e-97,0.446825582404973,0.766,0.444,3.32988383614887e-92,SNRPE,up
C19orf48,1.1713714585697e-96,0.312538213401834,0.5,0.167,4.28827377267781e-92,C19orf48,up
NUDT1,1.53420501164451e-96,0.322446403680806,0.551,0.21,5.61657112712938e-92,NUDT1,up
SMC1A,2.57188953314565e-96,0.464402779017987,0.723,0.384,9.4154303918929e-92,SMC1A,up
DUT,2.725563541146e-96,0.548596469080843,0.699,0.37,9.97801556778138e-92,DUT,up
VSNL1,3.99414384971239e-96,0.32127149141664,0.489,0.154,1.46221612194121e-91,VSNL1,up
HNRNPA3,5.26533758616588e-96,0.519790208724529,0.935,0.743,1.92758743691947e-91,HNRNPA3,up
MRPL3,9.77990914052013e-96,0.414748839597202,0.66,0.331,3.58032693725301e-91,MRPL3,up
ECT2,1.85431431552569e-95,0.46756504992889,0.593,0.258,6.78845927770801e-91,ECT2,up
CDK1,2.78940423141379e-95,0.412250981033542,0.366,0.08,1.02117299507828e-90,CDK1,up
RPS4X,3.39930299080627e-95,0.558642941232755,0.978,0.884,1.24445083190427e-90,RPS4X,up
BRCA2,1.13124910667737e-94,0.290524837542384,0.424,0.115,4.1413898546352e-90,BRCA2,up
HELLS,1.16862799384182e-94,0.35665306906148,0.528,0.186,4.27823022265551e-90,HELLS,up
EBPL,1.59113652374372e-94,0.3929394779188,0.598,0.263,5.82499169977339e-90,EBPL,up
CDKN3,1.67088724488397e-94,0.444296354221251,0.348,0.073,6.11695111479573e-90,CDKN3,up
ANP32B,1.72211989514696e-94,0.52299295120523,0.861,0.613,6.30450872414349e-90,ANP32B,up
CEACAM5,6.68815645616634e-94,-1.7241607388681,0.269,0.525,2.44846719703794e-89,CEACAM5,down
H2AFV,1.36379739834013e-93,0.524551637101506,0.85,0.583,4.99272589558338e-89,H2AFV,up
NDUFB9,1.36548040137671e-93,0.615073909669387,0.866,0.605,4.99888720140001e-89,NDUFB9,up
FANCI,1.40941669756502e-93,0.3072305427847,0.438,0.124,5.15973358811579e-89,FANCI,up
NOLC1,1.64268050791972e-93,0.415227547464596,0.637,0.304,6.01368907144329e-89,NOLC1,up
DIAPH3,2.62534864916113e-93,0.384118820803169,0.381,0.09,9.61113886971398e-89,DIAPH3,up
RPL5,9.35057080701531e-93,0.527428284634565,0.961,0.811,3.42315046674023e-88,RPL5,up
LSM4,1.2316580706388e-92,0.416173369140696,0.722,0.402,4.50897703080158e-88,LSM4,up
C16orf74,1.52780988852979e-92,0.284560770875298,0.476,0.154,5.59315922091869e-88,C16orf74,up
ALDH3A1,1.58436989385292e-92,0.691688632085267,0.491,0.179,5.80021974440616e-88,ALDH3A1,up
CENPN,1.96679860601354e-92,0.273131499139944,0.452,0.141,7.20025301675496e-88,CENPN,up
RSL1D1,2.18540192459356e-92,0.436319979836306,0.752,0.41,8.00053790574455e-88,RSL1D1,up
TPI1,3.44448252368639e-92,0.527361288830146,0.948,0.813,1.26099060709635e-87,TPI1,up
HINT1,4.79437544701243e-92,0.52150765993611,0.921,0.725,1.75517290739678e-87,HINT1,up
ITGA6,9.71959296838582e-92,0.590033756963232,0.817,0.476,3.55824578979637e-87,ITGA6,up
NASP,2.52023355530581e-91,0.457289581064773,0.842,0.534,9.22632302261904e-87,NASP,up
KIF20B,2.76056305407544e-91,0.365280557000218,0.384,0.098,1.01061452846648e-86,KIF20B,up
HDGF,7.30763845972449e-91,0.524229771022532,0.791,0.516,2.67525336372054e-86,HDGF,up
HAT1,9.440416275465e-91,0.367525261724612,0.659,0.329,3.45604199428498e-86,HAT1,up
ANLN,2.05177599814539e-90,0.408591307808942,0.445,0.135,7.51134675161045e-86,ANLN,up
CDCA7,2.27562191251716e-90,0.267811979976891,0.348,0.076,8.33082425953406e-86,CDCA7,up
SLIRP,2.39501707708643e-90,0.540491494160426,0.819,0.552,8.76791801750572e-86,SLIRP,up
CHCHD10,2.85797054730515e-90,0.541876619540151,0.749,0.436,1.04627443766294e-85,CHCHD10,up
THOC3,4.65709772897513e-90,0.417443455249775,0.709,0.38,1.70491690760051e-85,THOC3,up
HNRNPAB,4.7182796782597e-90,0.483993889337624,0.84,0.547,1.72731500741409e-85,HNRNPAB,up
CSRP2,5.51299156247688e-90,0.400573560027751,0.642,0.295,2.01825108110716e-85,CSRP2,up
RPS5,9.50212907520823e-90,0.547001963230167,0.964,0.838,3.47863443314298e-85,RPS5,up
CCT3,1.22216092565592e-89,0.449394301586072,0.761,0.459,4.47420893273375e-85,CCT3,up
CCNB1,1.40095850484845e-89,0.814728431430556,0.408,0.126,5.12876899039968e-85,CCNB1,up
PAICS,1.40616552865856e-89,0.299076379053366,0.484,0.169,5.14783138386613e-85,PAICS,up
PRKDC,1.88125657595918e-89,0.454414818327135,0.788,0.471,6.88709219892897e-85,PRKDC,up
POLE3,5.38626443479722e-89,0.382407630436202,0.698,0.364,1.97185754693492e-84,POLE3,up
CDC20,7.14670190608168e-89,0.63325295653643,0.345,0.08,2.61633610079744e-84,CDC20,up
HNRNPR,1.16856631146401e-88,0.444768180013452,0.805,0.513,4.27800440963859e-84,HNRNPR,up
MZT2B,1.18054176859189e-88,0.527809460684485,0.841,0.583,4.32184536063806e-84,MZT2B,up
SLC1A5,1.91718590013427e-88,0.435058924497584,0.726,0.386,7.01862586180153e-84,SLC1A5,up
ATP5F1C,2.02019433221593e-88,0.482966885094392,0.805,0.516,7.3957294308093e-84,ATP5F1C,up
VRK1,2.06012780187343e-88,0.26564165676949,0.425,0.126,7.54192186987845e-84,VRK1,up
SERBP1,2.14214031406483e-88,0.442041453861113,0.929,0.705,7.84216147575993e-84,SERBP1,up
SET,2.23933781853561e-88,0.504964032011344,0.921,0.746,8.19799181987703e-84,SET,up
NEFH,4.05464651693025e-88,0.393679519484398,0.379,0.102,1.48436554338299e-83,NEFH,up
SIVA1,4.34331869879331e-88,0.457724443531622,0.704,0.396,1.59004554244124e-83,SIVA1,up
MRTO4,5.14701320940948e-88,0.268452658132614,0.477,0.168,1.88427006583271e-83,MRTO4,up
CSE1L,6.55901055730533e-88,0.295032169119041,0.566,0.237,2.40118817492391e-83,CSE1L,up
RPS17,7.13975337209836e-88,0.585990775393138,0.904,0.725,2.61379231199149e-83,RPS17,up
CKAP2,8.60417265926162e-88,0.464307903466189,0.506,0.195,3.14990156882909e-83,CKAP2,up
PDCD5,1.45509040602548e-87,0.405430725788854,0.744,0.409,5.32694046741869e-83,PDCD5,up
DCTPP1,1.83406978882496e-87,0.340379104919779,0.487,0.183,6.7143460899093e-83,DCTPP1,up
COX7B,1.90954901040826e-87,0.554884551154295,0.901,0.724,6.9906679722036e-83,COX7B,up
PPP1R14B,1.93648763059662e-87,0.548438950540554,0.816,0.565,7.08928756685116e-83,PPP1R14B,up
RPL7A,2.0713652170037e-87,0.560034648280468,0.976,0.884,7.58306092292883e-83,RPL7A,up
TROAP,2.61547942703124e-87,0.322251700515813,0.28,0.042,9.57500863441865e-83,TROAP,up
PSCA,3.06655325250681e-87,-1.66274455340555,0.14,0.382,1.12263448021022e-82,PSCA,down
RPL11,5.23660074097193e-87,0.475904720525405,0.986,0.935,1.91706716526241e-82,RPL11,up
UQCRH,6.75884925739935e-87,0.522615684288341,0.91,0.741,2.47434712464133e-82,UQCRH,up
CEP55,7.85564775954154e-87,0.360803742227188,0.315,0.063,2.87587408829056e-82,CEP55,up
TOMM40,8.43111149464889e-87,0.277543750934374,0.508,0.193,3.08654560707601e-82,TOMM40,up
SRSF10,1.01455912782579e-86,0.381100174293241,0.852,0.541,3.71419951105744e-82,SRSF10,up
NDUFB6,1.53729140134563e-86,0.533063996295877,0.785,0.482,5.6278700911862e-82,NDUFB6,up
HAUS4,1.82071132064266e-86,0.264179145926105,0.479,0.173,6.6654420737407e-82,HAUS4,up
MRPL37,2.72423161087783e-86,0.365285753396456,0.619,0.301,9.97313950426265e-82,MRPL37,up
IGFBP2,5.88568704752498e-86,0.592689726610258,0.586,0.269,2.15469117122842e-81,IGFBP2,up
SSRP1,6.04264952046756e-86,0.322101909628186,0.577,0.255,2.21215356294797e-81,SSRP1,up
CHAF1A,7.43425217855067e-86,0.262623853257181,0.477,0.163,2.72160538004562e-81,CHAF1A,up
PAFAH1B3,7.85140042060077e-86,0.403710027768665,0.641,0.326,2.87431917997774e-81,PAFAH1B3,up
EIF3K,8.59137339515648e-86,0.525250184283751,0.87,0.62,3.14521588623284e-81,EIF3K,up
CENPU,9.64310518317386e-86,0.286672636788268,0.425,0.129,3.53024437650812e-81,CENPU,up
KRTCAP3,1.61724530671531e-85,0.360436306986827,0.503,0.204,5.9205733433541e-81,KRTCAP3,up
RPL6,1.80729139956774e-85,0.497621804863696,0.974,0.879,6.61631308467754e-81,RPL6,up
HACD3,2.46649444768418e-85,0.359645284074141,0.577,0.255,9.02958952352702e-81,HACD3,up
TMEM14A,4.47956904172248e-85,0.364753599655676,0.563,0.241,1.63992543048418e-80,TMEM14A,up
BANF1,9.63384545206051e-85,0.490624447843144,0.786,0.501,3.52685448154483e-80,BANF1,up
PRDX2,1.05607855334143e-84,0.538389953965673,0.82,0.543,3.86619797592765e-80,PRDX2,up
ENAH,1.12511405529726e-84,0.405695098279179,0.728,0.393,4.11893004503775e-80,ENAH,up
MRPL12,1.32095958318022e-84,0.336104246250725,0.597,0.274,4.83590093806448e-80,MRPL12,up
GMNN,1.81409553374724e-84,0.307902119688946,0.537,0.215,6.64122233949527e-80,GMNN,up
TOP2A,1.97641544191665e-84,0.652268694652714,0.377,0.104,7.23545929131267e-80,TOP2A,up
MRPL51,2.13171087966306e-84,0.445345802711205,0.791,0.497,7.80398035935849e-80,MRPL51,up
TPGS2,3.26425579834104e-84,0.354971543767264,0.593,0.276,1.19501140521467e-79,TPGS2,up
CENPJ,3.98910272285348e-84,0.261034009672817,0.417,0.125,1.46037061580943e-79,CENPJ,up
TPM2,4.58386327828494e-84,0.443524730032022,0.54,0.223,1.67810650754733e-79,TPM2,up
ATP5F1B,4.75783794032663e-84,0.531817550442206,0.867,0.635,1.74179689157417e-79,ATP5F1B,up
PSMA4,5.96130958102323e-84,0.464003843984047,0.726,0.439,2.1823758245168e-79,PSMA4,up
MZT2A,9.44454228771468e-84,0.446877972105224,0.737,0.434,3.45755248610947e-79,MZT2A,up
CNTLN,1.08031748225151e-83,0.290820100374982,0.449,0.149,3.95493427077457e-79,CNTLN,up
RBBP7,1.6593831384619e-83,0.37740742458006,0.701,0.376,6.07483573159516e-79,RBBP7,up
LAPTM4B,1.96976445903561e-83,0.486732799111628,0.721,0.398,7.21111070808346e-79,LAPTM4B,up
GPI,6.80972435334517e-83,0.416221403558664,0.806,0.502,2.49297198851613e-78,GPI,up
PSMG1,9.1756542301923e-83,0.280432056037587,0.494,0.192,3.3591152571311e-78,PSMG1,up
TNS4,9.43870468926367e-83,0.413555833643972,0.707,0.357,3.45541539969254e-78,TNS4,up
IFITM3,1.22210549948823e-82,0.809330445675329,0.939,0.801,4.47400602307646e-78,IFITM3,up
ERH,1.25225986470858e-82,0.44377037986145,0.812,0.558,4.58439813871162e-78,ERH,up
PKM,1.82463630604144e-82,0.593141530175755,0.945,0.791,6.6798110527871e-78,PKM,up
ALYREF,1.82676717398312e-82,0.388802173627292,0.702,0.396,6.68761194723482e-78,ALYREF,up
AHCY,1.8738813985255e-82,0.330639771663021,0.591,0.264,6.860092411862e-78,AHCY,up
HMGB3,2.13466050168841e-82,0.486502909286337,0.578,0.272,7.8147786306311e-78,HMGB3,up
C1QBP,2.2671211684653e-82,0.390080075907136,0.613,0.29,8.29970388563461e-78,C1QBP,up
ACTL6A,2.31013698290652e-82,0.356043947458183,0.657,0.342,8.45718048072246e-78,ACTL6A,up
KIF22,2.45497787847663e-82,0.294828169665581,0.539,0.223,8.98742851531511e-78,KIF22,up
MYO19,3.11625012091971e-82,0.298640308870193,0.558,0.235,1.1408280067675e-77,MYO19,up
PKMYT1,3.70687070326509e-82,0.262281338043773,0.303,0.058,1.35704829575832e-77,PKMYT1,up
SKA2,5.12097946469298e-82,0.279288888712248,0.529,0.216,1.87473937222945e-77,SKA2,up
RPS26,5.38275220779214e-82,0.508750937166416,0.958,0.846,1.97057175575062e-77,RPS26,up
CBX3,1.24615878749591e-81,0.418554583817296,0.787,0.496,4.56206270514379e-77,CBX3,up
SHMT2,1.42584368860646e-81,0.296852911456774,0.532,0.221,5.21987115961938e-77,SHMT2,up
CRNDE,5.03639758305571e-81,0.315754130455221,0.565,0.249,1.84377479118087e-76,CRNDE,up
RACK1,5.12450794069998e-81,0.468512930233752,0.95,0.797,1.87603111201086e-76,RACK1,up
CENPW,5.16434351308761e-81,0.502970131706914,0.701,0.381,1.89061451670624e-76,CENPW,up
RPL36,7.45384031305381e-81,0.449148815625209,0.981,0.922,2.72877640020587e-76,RPL36,up
CCT6A,1.038026955949e-80,0.446133900853717,0.786,0.499,3.80011288303368e-76,CCT6A,up
RPL37,1.03927976215253e-80,0.491300784052485,0.989,0.939,3.80469928126421e-76,RPL37,up
RPL13,1.1102748564695e-80,0.483064499157145,0.984,0.931,4.06460522204919e-76,RPL13,up
BIRC5,1.45489239306755e-80,0.345382177411719,0.297,0.058,5.32621556178098e-76,BIRC5,up
ATP5MC2,1.78575815534821e-80,0.494631675754928,0.915,0.738,6.53748203091427e-76,ATP5MC2,up
PRSS22,2.44418930484748e-80,-1.76423984040917,0.512,0.626,8.94793262611614e-76,PRSS22,down
MCM6,3.36738231048431e-80,0.277217316622128,0.393,0.117,1.2327649900452e-75,MCM6,up
IQCJ-SCHIP1,3.39545324035704e-80,0.401911176292407,0.468,0.169,1.24304147676231e-75,IQCJ-SCHIP1,up
BRIP1,9.61262400970755e-80,0.289641448950708,0.412,0.127,3.51908552371384e-75,BRIP1,up
EIF5A,1.9966937811971e-79,0.479624638721224,0.833,0.579,7.30969626358446e-75,EIF5A,up
APRT,4.14815773578756e-79,0.474772233157231,0.742,0.446,1.51859906549447e-74,APRT,up
DHFR,5.93265397763188e-79,0.290799132137092,0.615,0.284,2.17188529467126e-74,DHFR,up
MRPL52,5.99207041589276e-79,0.428628708116575,0.764,0.472,2.19363705855418e-74,MRPL52,up
CDK2AP1,6.11464043627879e-79,0.443373093701274,0.687,0.381,2.2385087173173e-74,CDK2AP1,up
LSM7,8.39817359812472e-79,0.430213289697842,0.818,0.541,3.07448737253748e-74,LSM7,up
NAXE,1.43543358892177e-78,0.41331341409734,0.611,0.307,5.25497882568372e-74,NAXE,up
MAZ,1.49539194981029e-78,0.336658389360097,0.592,0.283,5.47448038906049e-74,MAZ,up
CNBP,3.24353947023884e-78,0.458228620252768,0.903,0.697,1.18742736465974e-73,CNBP,up
PDLIM1,4.64135411104859e-78,0.43552906105141,0.782,0.487,1.69915332651378e-73,PDLIM1,up
LDHB,5.15463084489632e-78,0.513645836659236,0.659,0.352,1.88705880600809e-73,LDHB,up
MIF,7.12374246947917e-78,0.565017869582239,0.959,0.852,2.60793088065163e-73,MIF,up
SPRR2A,9.37681454426536e-78,-2.45082977269749,0.232,0.459,3.43275803651011e-73,SPRR2A,down
H1FX,1.07771577347208e-77,0.567702129998243,0.894,0.657,3.94540967510396e-73,H1FX,up
EEF1G,1.22425868392417e-77,0.419083551844397,0.908,0.723,4.481888615978e-73,EEF1G,up
SUPT16H,1.48084459921001e-77,0.398297032270668,0.686,0.377,5.42122399324792e-73,SUPT16H,up
GMPS,1.64770058705737e-77,0.280819784281575,0.611,0.286,6.03206707915831e-73,GMPS,up
ATP5F1A,2.24321018534151e-77,0.388665064514482,0.743,0.43,8.21216816751674e-73,ATP5F1A,up
IMPA2,2.37360726794134e-77,0.370389159578294,0.616,0.297,8.68953884720645e-73,IMPA2,up
SIGMAR1,2.51523496243086e-77,0.292825400955078,0.438,0.162,9.20802367396315e-73,SIGMAR1,up
SPRR1B,2.62780087215866e-77,-1.62933611415778,0.334,0.562,9.62011621288563e-73,SPRR1B,down
TYMS,5.4359439533155e-77,0.401225721927271,0.47,0.186,1.99004472186927e-72,TYMS,up
KIF23,7.75585035897278e-77,0.323916695105096,0.289,0.059,2.83933925791634e-72,KIF23,up
CCNB2,8.34487396286975e-77,0.406418285895391,0.292,0.063,3.05497490906699e-72,CCNB2,up
RNASEH2B,1.26910591411053e-76,0.27765743556941,0.492,0.194,4.64606984096726e-72,RNASEH2B,up
PARK7,2.17304811448667e-76,0.427756811362469,0.83,0.559,7.95531184232426e-72,PARK7,up
TUBB,2.40185260538937e-76,0.596769674312308,0.819,0.551,8.79294220306995e-72,TUBB,up
POLD2,3.10515861835501e-76,0.276852113938242,0.503,0.205,1.13676751859359e-71,POLD2,up
PHGDH,3.88395991763355e-76,0.29009809645074,0.37,0.105,1.42187888624646e-71,PHGDH,up
MIS18BP1,4.22982328588375e-76,0.308804959468327,0.629,0.312,1.54849600672918e-71,MIS18BP1,up
KIF2C,4.54902787325706e-76,0.256487525062236,0.27,0.048,1.66535361412068e-71,KIF2C,up
UBE2S,4.97909791734165e-76,0.5914293250006,0.854,0.621,1.8227979565596e-71,UBE2S,up
IFI16,6.23475009276384e-76,0.505699145273179,0.92,0.724,2.28247966145991e-71,IFI16,up
TCOF1,6.25231173255349e-76,0.255586101839388,0.498,0.196,2.28890880217051e-71,TCOF1,up
SRSF1,7.06485137573127e-76,0.296165800415626,0.617,0.302,2.58637144014146e-71,SRSF1,up
TMEM106C,8.82026097577216e-76,0.31079910162951,0.493,0.205,3.22900934062043e-71,TMEM106C,up
UBE2C,9.40833897217074e-76,0.663800306990664,0.325,0.084,3.44429881432199e-71,UBE2C,up
NSD2,9.44707691931113e-76,0.286966543343725,0.63,0.298,3.45848038939061e-71,NSD2,up
CKS2,1.06879074645214e-75,0.600939395680999,0.717,0.439,3.91273604368664e-71,CKS2,up
IPO5,1.45044178047551e-75,0.258354862833154,0.481,0.188,5.30992231414278e-71,IPO5,up
RRP15,1.4531664313988e-75,0.262213277016718,0.497,0.201,5.31989698870786e-71,RRP15,up
FAM111B,1.63295292223621e-75,0.263145911810085,0.331,0.082,5.97807735301455e-71,FAM111B,up
POLQ,2.06867268819758e-75,0.258227770846812,0.304,0.068,7.57320384422251e-71,POLQ,up
ANP32E,3.76698044370881e-75,0.377638287138654,0.65,0.341,1.37905387063736e-70,ANP32E,up
KIF4A,4.14607764610435e-75,0.291731801401867,0.271,0.05,1.51783756546234e-70,KIF4A,up
PRSS27,4.32139778069642e-75,-1.49601423482708,0.091,0.297,1.58202051353515e-70,PRSS27,down
BRIX1,5.16611003568549e-75,0.256380129260717,0.542,0.24,1.8912612229641e-70,BRIX1,up
PSMB2,5.63354502110613e-75,0.441281729215549,0.816,0.568,2.06238449677674e-70,PSMB2,up
PRXL2A,5.88532989559961e-75,0.296547713849183,0.567,0.256,2.15456042148006e-70,PRXL2A,up
NONO,6.40892604720631e-75,0.416623913378598,0.8,0.524,2.34624373662176e-70,NONO,up
PCNA,6.80245179283754e-75,0.448664758526026,0.655,0.354,2.4903095768399e-70,PCNA,up
SRSF2,1.15279002071463e-74,0.382318563288033,0.879,0.634,4.22024898683419e-70,SRSF2,up
STOML2,1.22813667155648e-74,0.32024356951034,0.628,0.329,4.4960855409011e-70,STOML2,up
USP1,2.19373687509379e-74,0.332957845635247,0.64,0.327,8.03105132603086e-70,USP1,up
PYCR2,2.30341961184425e-74,0.277861551735854,0.503,0.211,8.43258885700062e-70,PYCR2,up
DSC3,2.89321420322709e-74,0.484206048440156,0.879,0.589,1.0591767876594e-69,DSC3,up
NOB1,3.17863057535668e-74,0.278394521693331,0.517,0.216,1.16366486733233e-69,NOB1,up
PRMT1,3.38575640919236e-74,0.346760375855061,0.644,0.343,1.23949156384123e-69,PRMT1,up
ILF2,3.48606316531678e-74,0.428972761359881,0.738,0.46,1.27621286419082e-69,ILF2,up
NDUFAB1,4.97283543834591e-74,0.390668830848761,0.718,0.433,1.82050532562405e-69,NDUFAB1,up
C12orf75,5.66249886997215e-74,0.443830693780172,0.566,0.262,2.07298421130811e-69,C12orf75,up
PUM3,6.15220381156487e-74,0.441401636289365,0.703,0.376,2.25226029337578e-69,PUM3,up
RPA2,7.84737421724097e-74,0.318160717766014,0.561,0.258,2.87284522718975e-69,RPA2,up
HSD17B10,9.97877044999384e-74,0.316486065402847,0.617,0.311,3.65312807403824e-69,HSD17B10,up
NXPH4,1.02611883305202e-73,0.273039107502104,0.384,0.123,3.75651843592013e-69,NXPH4,up
KIF11,1.16364419948629e-73,0.26344819302246,0.313,0.075,4.25998504989937e-69,KIF11,up
RPA3,1.24707667891092e-73,0.345367907668628,0.667,0.364,4.56542301382501e-69,RPA3,up
SOD1,1.38412843686578e-73,0.423331510302503,0.859,0.602,5.06715579452194e-69,SOD1,up
LCN2,1.4736269116097e-73,-2.52660272754419,0.449,0.605,5.39480076071195e-69,LCN2,down
U2SURP,1.63163477090455e-73,0.378653053980136,0.85,0.572,5.97325173280446e-69,U2SURP,up
SLC25A3,2.10955745414144e-73,0.421611952494925,0.876,0.647,7.72287888386638e-69,SLC25A3,up
SNHG29,2.13788793052514e-73,0.405146409246495,0.82,0.547,7.82659392485948e-69,SNHG29,up
GGCT,2.31892112721838e-73,0.339495735281341,0.633,0.335,8.48933835463378e-69,GGCT,up
POLA1,2.40513640527759e-73,0.295864391407312,0.504,0.209,8.80496386608072e-69,POLA1,up
MXD1,2.59500008336827e-73,-0.933066350628566,0.604,0.722,9.50003580520291e-69,MXD1,down
FGFBP1,4.01678690228794e-73,0.542077184855102,0.486,0.198,1.47050551705859e-68,FGFBP1,up
DCAF13,4.31547141377469e-73,0.290882388282741,0.551,0.248,1.57985092986878e-68,DCAF13,up
SAT1,4.588712420591e-73,-0.976251623069566,0.975,0.952,1.67988173005416e-68,SAT1,down
CYC1,5.38669346005849e-73,0.418583643289983,0.71,0.416,1.97201460879281e-68,CYC1,up
XRCC6,5.4911515036989e-73,0.348500993538846,0.786,0.499,2.01025565398913e-68,XRCC6,up
TRAP1,1.18094570862638e-72,0.290754094248137,0.531,0.235,4.32332414471031e-68,TRAP1,up
ITGB3BP,1.58068097436371e-72,0.251175330550959,0.488,0.196,5.78671497904812e-68,ITGB3BP,up
NCAPD2,1.6037377208211e-72,0.291841418606791,0.411,0.143,5.87112342215395e-68,NCAPD2,up
PSMA7,1.78262332371668e-72,0.407281104634181,0.89,0.689,6.5260057257944e-68,PSMA7,up
PRDX1,5.38718152961155e-72,0.472874454989205,0.942,0.798,1.97219328617549e-67,PRDX1,up
EEF2,1.62695009710724e-71,0.457359153471984,0.953,0.813,5.95610161049991e-67,EEF2,up
SSB,2.78255112580592e-71,0.342745524352725,0.667,0.362,1.01866414164629e-66,SSB,up
TCTEX1D2,3.47645006503817e-71,0.275363942443755,0.521,0.23,1.27269360430982e-66,TCTEX1D2,up
HNRNPF,6.01398503825549e-71,0.417618743069903,0.831,0.581,2.20165978265495e-66,HNRNPF,up
CBWD1,8.32713488126622e-71,0.306651564630998,0.546,0.25,3.04848080868275e-66,CBWD1,up
ATP5PO,9.31746411602869e-71,0.409725165444017,0.834,0.584,3.41103043823694e-66,ATP5PO,up
MRPL24,1.20779968178867e-70,0.277697343452722,0.517,0.227,4.42163385506016e-66,MRPL24,up
PSMA3,1.26810116532049e-70,0.396338123437799,0.767,0.504,4.64239155612177e-66,PSMA3,up
UCHL3,2.10366356298716e-70,0.269565575872443,0.619,0.317,7.70130193773969e-66,UCHL3,up
CCT2,2.29015953126632e-70,0.377620428962446,0.761,0.476,8.38404502801288e-66,CCT2,up
DUSP23,2.34129002938157e-70,0.250515380820837,0.539,0.245,8.571228668563e-66,DUSP23,up
MSH6,4.04649648859498e-70,0.273046187199403,0.514,0.224,1.48138189950974e-65,MSH6,up
TOMM5,1.11650756929946e-69,0.389920346686435,0.771,0.494,4.0874225604484e-65,TOMM5,up
GPX2,1.70079515926487e-69,0.57825091769121,0.499,0.219,6.22644099855276e-65,GPX2,up
EBNA1BP2,1.94602326242613e-69,0.28927016653676,0.581,0.285,7.12419656141581e-65,EBNA1BP2,up
MT1X,2.18618057242933e-69,0.496860268417217,0.869,0.612,8.00338845760654e-65,MT1X,up
SNRPA1,2.27907036737104e-69,0.295553467373027,0.62,0.323,8.34344870790865e-65,SNRPA1,up
RPL12,2.48242211336982e-69,0.509723180350175,0.983,0.914,9.08789911483556e-65,RPL12,up
RAD21,3.91099258645662e-69,0.481716612617815,0.815,0.561,1.43177527597591e-64,RAD21,up
SFPQ,5.36245655640263e-69,0.378664392080512,0.944,0.775,1.96314172073344e-64,SFPQ,up
CAV2,5.61845810520831e-69,0.310397910061538,0.56,0.265,2.05686132773571e-64,CAV2,up
IMPDH2,6.39266935682081e-69,0.25207864137737,0.55,0.245,2.34029232483853e-64,IMPDH2,up
APEX1,6.90065832565039e-69,0.323426816253511,0.691,0.384,2.52626200643735e-64,APEX1,up
TXN,7.08595402799431e-69,0.439338637958012,0.954,0.81,2.59409691010844e-64,TXN,up
BMP7,9.68318484283893e-69,0.257977769768415,0.501,0.21,3.5449171391149e-64,BMP7,up
GTF3A,1.02707940278816e-68,0.263277349557335,0.631,0.324,3.76003498566716e-64,GTF3A,up
TRIM59,2.51312761645471e-68,0.251091462566553,0.384,0.131,9.20030889107905e-64,TRIM59,up
CRIP2,2.97810466665663e-68,0.37386218218881,0.57,0.28,1.09025433741632e-63,CRIP2,up
HNRNPM,4.14729530073103e-68,0.376478985857629,0.859,0.614,1.51828333664462e-63,HNRNPM,up
ID1,4.21769080106634e-68,0.460185752931354,0.827,0.545,1.54405442536238e-63,ID1,up
AC245041.2,8.79909051218829e-68,0.258272651056591,0.445,0.176,3.22125904560701e-63,AC245041.2,up
RPL27,9.01681072749786e-68,0.425672396760572,0.94,0.79,3.30096423922969e-63,RPL27,up
ID3,1.1313354402634e-67,0.429390402186804,0.712,0.411,4.1417059132603e-63,ID3,up
ANXA8L1,2.23826462611317e-67,0.255010205621459,0.461,0.185,8.19406296973772e-63,ANXA8L1,up
ECI1,2.53235847917847e-67,0.312385252301152,0.699,0.416,9.27071115642445e-63,ECI1,up
ATP5MF,2.99235348706267e-67,0.441767748693185,0.882,0.687,1.09547068807877e-62,ATP5MF,up
SRM,3.23027814034225e-67,0.294033539228964,0.521,0.239,1.18257252439789e-62,SRM,up
TOMM20,3.41273646733693e-67,0.379642933233827,0.788,0.501,1.24936869332738e-62,TOMM20,up
RPS15A,4.14377769188751e-67,0.505151687663988,0.983,0.913,1.5169955752231e-62,RPS15A,up
PRDX4,4.73493462356595e-67,0.350110815269767,0.641,0.351,1.73341221634126e-62,PRDX4,up
COX6C,5.65526715967133e-67,0.472362261416466,0.903,0.722,2.07033675448408e-62,COX6C,up
DNPH1,6.45517185078453e-67,0.270599226910098,0.549,0.255,2.36317386285371e-62,DNPH1,up
HINT2,6.98792203453994e-67,0.251646281807882,0.462,0.187,2.55820837762473e-62,HINT2,up
DST,7.15370436148978e-67,0.51730177252119,0.757,0.469,2.61889962969779e-62,DST,up
PRDX3,7.29721569075559e-67,0.277207770764422,0.563,0.269,2.67143769222871e-62,PRDX3,up
PDHA1,8.76640930847591e-67,0.251075449626709,0.546,0.255,3.20929478373995e-62,PDHA1,up
RPS27,1.41801812357845e-66,0.44699706374471,0.989,0.943,5.19122254860836e-62,RPS27,up
NOP56,1.42757427837415e-66,0.258473470429624,0.614,0.302,5.22620667569991e-62,NOP56,up
NDUFB2,1.46334277709877e-66,0.367204677476941,0.822,0.577,5.35715157268088e-62,NDUFB2,up
EPHX1,1.71009773746342e-66,0.418073568448192,0.658,0.36,6.26049680707982e-62,EPHX1,up
LAMA3,1.7810374026491e-66,0.356023977722822,0.63,0.322,6.52019982735809e-62,LAMA3,up
KPNA2,1.83499022115397e-66,0.411636077752499,0.533,0.251,6.71771570062257e-62,KPNA2,up
RIF1,2.3454788342177e-66,0.295546758916133,0.666,0.357,8.58656346418757e-62,RIF1,up
FKBP3,3.1432804521486e-66,0.292582581255226,0.655,0.357,1.15072354072708e-61,FKBP3,up
SNHG15,4.81824392677571e-66,0.258586291113897,0.536,0.251,1.76391091915332e-61,SNHG15,up
SMC3,5.22192158766366e-66,0.309453817882541,0.604,0.305,1.91169327402779e-61,SMC3,up
S100A13,5.26071922199819e-66,0.371663058950166,0.78,0.496,1.92589669998132e-61,S100A13,up
RPL21,5.36399453625142e-66,0.457453374654645,0.964,0.851,1.96370475977628e-61,RPL21,up
PTGES3,8.51032949073506e-66,0.388143399242911,0.911,0.736,3.1155465232632e-61,PTGES3,up
KIF14,9.4385642311017e-66,0.291474280041468,0.268,0.059,3.45536397936402e-61,KIF14,up
ADH7,9.69587582166135e-66,0.506985194147107,0.423,0.168,3.54956317955201e-61,ADH7,up
CST6,1.04975734868437e-65,-1.04971921364129,0.115,0.313,3.84305667779861e-61,CST6,down
BOLA3,1.05494143394824e-65,0.275454318699897,0.588,0.296,3.86203509554113e-61,BOLA3,up
RRM2,1.19734942786448e-65,0.334751630764139,0.329,0.093,4.38337652046906e-61,RRM2,up
MRPL11,1.37651367096027e-65,0.267264901666971,0.523,0.243,5.03927889801845e-61,MRPL11,up
GPSM2,1.60293339654657e-65,0.25195095780874,0.414,0.154,5.86817887141735e-61,GPSM2,up
MRPS34,2.69114926157466e-65,0.316948157723415,0.655,0.371,9.85202833169868e-61,MRPS34,up
RPLP2,2.69454640688175e-65,0.398759771626484,0.97,0.89,9.86446494095339e-61,RPLP2,up
SLC6A14,5.3030179072638e-65,-1.20637128669288,0.122,0.318,1.94138182567021e-60,SLC6A14,down
SDK1,7.60507305097289e-65,0.430998316729109,0.522,0.247,2.78414119323067e-60,SDK1,up
ATP5F1D,9.36885469564679e-65,0.343481031048512,0.743,0.466,3.42984401552933e-60,ATP5F1D,up
VDAC1,9.68678547579174e-65,0.356142731483099,0.763,0.49,3.5462352948326e-60,VDAC1,up
RPL18A,1.100578246811e-64,0.436169063339152,0.977,0.894,4.02910690375041e-60,RPL18A,up
UQCRC1,1.10348777763737e-64,0.340702575027113,0.75,0.458,4.03975840515265e-60,UQCRC1,up
IFI27L2,1.3700744809434e-64,0.324995159871313,0.627,0.329,5.01570566728569e-60,IFI27L2,up
HNRNPD,1.44117844731441e-64,0.386543842635612,0.848,0.615,5.27601017777333e-60,HNRNPD,up
TFAM,2.85071208489305e-64,0.250400640992886,0.511,0.233,1.04361718715849e-59,TFAM,up
RPS9,2.89143726195028e-64,0.33574208632468,0.965,0.872,1.05852626722738e-59,RPS9,up
GDF15,3.1632670752808e-64,-1.58206841458495,0.238,0.443,1.15804044358955e-59,GDF15,down
EIF2S1,3.49383279518652e-64,0.286113822281883,0.667,0.377,1.27905724798983e-59,EIF2S1,up
NFIC,3.96622623475997e-64,0.299649059259775,0.711,0.404,1.45199576228328e-59,NFIC,up
YWHAQ,5.88691813442311e-64,0.37840403842105,0.89,0.668,2.15514185983095e-59,YWHAQ,up
PSIP1,1.7381244878578e-63,0.297740933491871,0.592,0.303,6.3630999375986e-59,PSIP1,up
RPL41,2.17997664661194e-63,0.447267249601587,0.995,0.971,7.98067650558167e-59,RPL41,up
MORC4,3.40888965853601e-63,0.287227712173169,0.574,0.28,1.24796041509345e-58,MORC4,up
RPSA,3.66967597035237e-63,0.487984194811125,0.92,0.734,1.3434316759863e-58,RPSA,up
RPS27A,4.92092826516262e-63,0.394336438527233,0.975,0.902,1.80150262859338e-58,RPS27A,up
COX8A,5.72678361548109e-63,0.41790769434984,0.884,0.684,2.09651821379147e-58,COX8A,up
CLNS1A,7.03698724786503e-63,0.43254526045693,0.684,0.398,2.57617066157091e-58,CLNS1A,up
RPS18,7.19915994958094e-63,0.376730345331138,0.982,0.929,2.63554046594209e-58,RPS18,up
METTL5,7.26114684619842e-63,0.271696281158128,0.555,0.277,2.65823324892478e-58,METTL5,up
QSER1,7.46157634542458e-63,0.250228037388417,0.542,0.255,2.73160848429649e-58,QSER1,up
UXT,1.26588879038372e-62,0.390376164668933,0.794,0.526,4.63429227271578e-58,UXT,up
COX6A1,1.31310880735708e-62,0.420057452061358,0.943,0.819,4.80716003285354e-58,COX6A1,up
RBBP4,1.35277032741324e-62,0.386883295239127,0.801,0.527,4.95235689162713e-58,RBBP4,up
IARS2,1.53061221556743e-62,0.264440248270074,0.551,0.269,5.60341825997081e-58,IARS2,up
PFN1,1.91282732965983e-62,0.348938722529305,0.962,0.864,7.00266957115166e-58,PFN1,up
PSMB5,2.49392779355659e-62,0.365787091273726,0.703,0.432,9.13002025943132e-58,PSMB5,up
WEE1,2.52610160473633e-62,0.350899197118312,0.71,0.409,9.24780536477923e-58,WEE1,up
HMGN1,2.83426634094302e-62,0.373498360692398,0.88,0.665,1.03759656475583e-57,HMGN1,up
INPP1,3.31418168099682e-62,0.274209846455437,0.628,0.328,1.21328877159613e-57,INPP1,up
BCL7C,3.39550118261399e-62,0.28067333160901,0.613,0.335,1.24305902794315e-57,BCL7C,up
NT5C,1.30029583476209e-61,0.255796954914202,0.533,0.257,4.76025302148053e-57,NT5C,up
RBMX,1.69632513976125e-61,0.25237898090498,0.741,0.438,6.21007670415197e-57,RBMX,up
PHB2,2.2937365071244e-61,0.323353562521317,0.687,0.399,8.39713997893172e-57,PHB2,up
SRP9,4.00185975128301e-61,0.383564913848649,0.785,0.53,1.4650408363472e-56,SRP9,up
ILF3,4.22584538617214e-61,0.260337609995257,0.798,0.487,1.54703973742376e-56,ILF3,up
TUFM,4.98590625191168e-61,0.349242582427578,0.718,0.437,1.82529041976235e-56,TUFM,up
BUB3,5.2796229442595e-61,0.302695433762557,0.607,0.334,1.93281716366396e-56,BUB3,up
RNPS1,6.14777128841182e-61,0.298255765512709,0.756,0.49,2.25063759097468e-56,RNPS1,up
BTF3,1.25254735932632e-60,0.419906223643336,0.941,0.794,4.58545062775773e-56,BTF3,up
NUTF2,1.47382371265782e-60,0.308221981085621,0.668,0.393,5.395521229669e-56,NUTF2,up
RPL23A,1.60186348562903e-60,0.368840985561737,0.956,0.863,5.8642620345393e-56,RPL23A,up
UNG,2.26676881368934e-60,0.25530850608008,0.389,0.152,8.2984139500353e-56,UNG,up
RAB13,3.27229053723137e-60,0.316370431435396,0.663,0.381,1.19795284277503e-55,RAB13,up
RPS28,4.30037759028112e-60,0.423243965225788,0.986,0.936,1.57432523202602e-55,RPS28,up
PSME2,4.47318318158045e-60,0.46115768112712,0.859,0.652,1.63758763094479e-55,PSME2,up
RPL24,4.7425018711894e-60,0.379742994499751,0.969,0.885,1.73618251002373e-55,RPL24,up
CBR1,6.05291434443417e-60,0.377570022351941,0.66,0.37,2.2159114123539e-55,CBR1,up
COX5A,6.58245891121882e-60,0.425900173933843,0.838,0.618,2.4097723828081e-55,COX5A,up
PRPS2,7.30091313388639e-60,0.259778617025834,0.531,0.259,2.67279128918447e-55,PRPS2,up
RPL3,7.7767595928191e-60,0.275767479200859,0.957,0.819,2.84699391933514e-55,RPL3,up
DDX21,7.850442520469e-60,0.327024746532378,0.753,0.457,2.8739685023185e-55,DDX21,up
EPCAM,9.38227042374653e-60,0.307616527006238,0.521,0.249,3.43475537942937e-55,EPCAM,up
CD9,9.5521382684588e-60,0.414356475492728,0.936,0.773,3.49694229870008e-55,CD9,up
OAT,1.13477093095398e-59,0.28231076768428,0.617,0.33,4.15428290112942e-55,OAT,up
EEF1A1,1.65899194156861e-59,0.278154260252272,0.993,0.952,6.07340359888851e-55,EEF1A1,up
NMU,1.76485295183919e-59,0.32907983151614,0.472,0.206,6.4609501713881e-55,NMU,up
TIMM13,2.03383106437173e-59,0.280761945701931,0.619,0.338,7.44565214355845e-55,TIMM13,up
GLRX3,2.13426760220382e-59,0.259916288460292,0.605,0.325,7.81334026490798e-55,GLRX3,up
ALDH3A2,3.46806315964469e-59,0.264614654102982,0.573,0.285,1.26962324211432e-54,ALDH3A2,up
RPL7,3.60430661287379e-59,0.465605231043916,0.936,0.78,1.31950060790697e-54,RPL7,up
GADD45GIP1,4.13374234653158e-59,0.282179585757341,0.639,0.363,1.51332173564174e-54,GADD45GIP1,up
H2AFX,4.65494100806665e-59,0.282864891645226,0.552,0.272,1.70412735364312e-54,H2AFX,up
RBM8A,5.3308973197444e-59,0.3840576266042,0.869,0.662,1.95158819978523e-54,RBM8A,up
RPL31,6.2748478932334e-59,0.371166412398525,0.951,0.805,2.29715906523382e-54,RPL31,up
PNN,6.54789757452736e-59,0.292650306450034,0.784,0.494,2.39711982305872e-54,PNN,up
NDUFS6,8.62191421137823e-59,0.360757317155974,0.82,0.571,3.15639657364346e-54,NDUFS6,up
IL1RN,1.06557457941774e-58,-1.08210335233308,0.5,0.619,3.90096197779039e-54,IL1RN,down
KCTD1,1.09214361720096e-58,0.258315191462821,0.553,0.275,3.99822856821099e-54,KCTD1,up
PEBP1,1.16032883327592e-58,0.317443605522307,0.681,0.39,4.24784782573982e-54,PEBP1,up
MIR31HG,1.28243194250646e-58,0.419697286021744,0.67,0.373,4.69485509832191e-54,MIR31HG,up
ITGB4,1.28914048439754e-58,0.321672713521524,0.698,0.405,4.71941439933094e-54,ITGB4,up
AK2,1.33196069386244e-58,0.287245562745831,0.78,0.521,4.87617490416102e-54,AK2,up
NHP2,1.46088026696239e-58,0.314343706811143,0.713,0.431,5.3481365693226e-54,NHP2,up
TMX1,1.5946955369457e-58,0.261533549636282,0.603,0.324,5.8380208912045e-54,TMX1,up
LAGE3,1.65090427464454e-58,0.276614601797288,0.647,0.368,6.04379545904619e-54,LAGE3,up
LOX,1.99200532194764e-58,0.267056402646975,0.319,0.099,7.29253228311812e-54,LOX,up
PTPRZ1,2.66118972442392e-58,0.265322039087451,0.416,0.17,9.74234946214352e-54,PTPRZ1,up
GPNMB,3.9722615815257e-58,0.365820308281432,0.734,0.435,1.45420524238074e-53,GPNMB,up
MID1,4.30285370895369e-58,0.291796155208605,0.667,0.36,1.57523171431086e-53,MID1,up
COX4I1,4.36639706435725e-58,0.417136071080007,0.941,0.819,1.59849430129054e-53,COX4I1,up
OLA1,6.64949054178114e-58,0.279561669248256,0.728,0.43,2.43431199244066e-53,OLA1,up
SUSD4,6.85174047789415e-58,0.262750108726373,0.548,0.27,2.50835367155227e-53,SUSD4,up
FSCN1,7.87537203329262e-58,0.378163045057946,0.66,0.373,2.88309494766809e-53,FSCN1,up
MGST3,8.36402352601892e-58,0.29531312316659,0.694,0.4,3.06198537264027e-53,MGST3,up
ANP32A,8.77231591391741e-58,0.302492895785754,0.698,0.416,3.21145713292602e-53,ANP32A,up
HMGN3,1.08130066050358e-57,0.306113306650883,0.651,0.357,3.95853358803754e-53,HMGN3,up
MDH2,1.1749885374187e-57,0.34910695307,0.724,0.464,4.30151553663612e-53,MDH2,up
RPS24,1.43285943078995e-57,0.483368680845569,0.98,0.894,5.24555509017892e-53,RPS24,up
TRA2B,1.57499081170048e-57,0.338246850669107,0.949,0.805,5.76588386255428e-53,TRA2B,up
PSMD11,1.66010687146987e-57,0.275928375928069,0.692,0.41,6.07748524576407e-53,PSMD11,up
G3BP1,2.19937825007526e-57,0.268045991475806,0.782,0.5,8.05170383570051e-53,G3BP1,up
GCLC,2.28528530187002e-57,0.37080443600784,0.523,0.253,8.36620096161594e-53,GCLC,up
TXNDC17,2.28969031147174e-57,0.404771801086014,0.846,0.614,8.38232726126688e-53,TXNDC17,up
KRT18,3.08664391461673e-57,0.43410397248465,0.819,0.573,1.12998947070204e-52,KRT18,up
EIF4A1,3.29969775806275e-57,0.412437113410236,0.936,0.78,1.20798635224919e-52,EIF4A1,up
SNRPG,3.61034394740592e-57,0.351061174374225,0.856,0.646,1.32171081570583e-52,SNRPG,up
CCT7,3.91440781559151e-57,0.280542958021598,0.657,0.384,1.4330255572099e-52,CCT7,up
SDHC,4.71438331346417e-57,0.294226726202346,0.699,0.438,1.7258885872261e-52,SDHC,up
PFDN2,5.73616610845834e-57,0.285483666074338,0.792,0.534,2.09995305064551e-52,PFDN2,up
VPS29,1.06729229993305e-56,0.271595387834456,0.767,0.499,3.90725038082491e-52,VPS29,up
TOMM22,1.72902316843624e-56,0.263591359820785,0.607,0.333,6.32978091732824e-52,TOMM22,up
NDUFS5,1.8195096132789e-56,0.383656326751229,0.907,0.707,6.66104274325273e-52,NDUFS5,up
NFIB,2.11570590717677e-56,0.448672675267573,0.47,0.211,7.74538775558344e-52,NFIB,up
CENPX,2.13156549016872e-56,0.318607817844741,0.617,0.349,7.80344810295868e-52,CENPX,up
PSMC3,3.98871281868092e-56,0.263096505014693,0.661,0.386,1.4602278757909e-51,PSMC3,up
HNRNPU,4.43927429402573e-56,0.344189932800571,0.958,0.841,1.62517392629988e-51,HNRNPU,up
HMMR,5.26556649429913e-56,0.253528787837012,0.25,0.062,1.92767123789797e-51,HMMR,up
TMPRSS2,5.4036260029906e-56,-1.1450863611303,0.202,0.379,1.97821344343483e-51,TMPRSS2,down
HNRNPK,5.84926417071208e-56,0.338813521689038,0.932,0.774,2.14135712025598e-51,HNRNPK,up
HSPB11,8.34444779067777e-56,0.270183466166246,0.692,0.405,3.05481889168922e-51,HSPB11,up
PLGRKT,1.02076048387166e-55,0.28658008705375,0.485,0.229,3.73690205540575e-51,PLGRKT,up
NEAT1,3.05210115198357e-55,-0.787131971762271,0.993,0.975,1.11734371072967e-50,NEAT1,down
POLR2E,4.31771442730935e-55,0.26139743590283,0.667,0.397,1.58067207469368e-50,POLR2E,up
MAGOH,4.63000076880833e-55,0.297769937196727,0.746,0.481,1.69499698145304e-50,MAGOH,up
EEF1B2,5.3542531046583e-55,0.320519868136466,0.884,0.665,1.96013851908436e-50,EEF1B2,up
RPL19,5.64156297983886e-55,0.345063078042303,0.979,0.916,2.06531979128921e-50,RPL19,up
HSPA2,5.94942590282572e-55,0.27082072235989,0.535,0.269,2.17802532876547e-50,HSPA2,up
ATP5PB,6.76313354408464e-55,0.335997114011085,0.756,0.503,2.47591555915395e-50,ATP5PB,up
ADI1,1.04411559742634e-54,0.289290482045866,0.662,0.393,3.82240279061808e-50,ADI1,up
RPS29,1.43142853516608e-54,0.43964001282764,0.96,0.863,5.2403167243895e-50,RPS29,up
HP1BP3,1.61867029856183e-54,0.379396885440673,0.898,0.673,5.92579009600501e-50,HP1BP3,up
GSTM1,1.77653969762606e-54,0.351894048214308,0.206,0.041,6.50373417903925e-50,GSTM1,up
MRPS21,2.38075201672225e-54,0.340696337901424,0.755,0.518,8.7156950580185e-50,MRPS21,up
EPS8L1,2.92663818981374e-54,-0.994798965516084,0.29,0.451,1.07141297490891e-49,EPS8L1,down
PSMA2,3.67148111320014e-54,0.305161425160363,0.781,0.534,1.34409252073144e-49,PSMA2,up
RPL23,4.07850259202477e-54,0.360472948375349,0.912,0.724,1.49309901391435e-49,RPL23,up
DBI,4.10980844287626e-54,0.280836309014486,0.859,0.631,1.50455977285257e-49,DBI,up
AKR1C2,4.61218420224637e-54,1.02692759885956,0.329,0.12,1.68847451460037e-49,AKR1C2,up
HDAC2,4.90103146418157e-54,0.270131178607927,0.634,0.359,1.79421860872223e-49,HDAC2,up
PSMB1,5.17991712286619e-54,0.342997495781232,0.808,0.581,1.89631585951008e-49,PSMB1,up
BSG,5.21242829293415e-54,0.401319013698535,0.846,0.645,1.90821787376026e-49,BSG,up
LDHA,5.61513338278531e-54,0.405254589935434,0.914,0.738,2.05564418010387e-49,LDHA,up
DDX39A,1.00816594700819e-53,0.252491847590093,0.667,0.385,3.6907947154023e-49,DDX39A,up
PIGX,1.91950747133824e-53,0.262099038165141,0.503,0.248,7.02712490182218e-49,PIGX,up
IFITM1,2.13009304793173e-53,0.605342359527503,0.845,0.652,7.79805763917327e-49,IFITM1,up
RAD23A,2.69130908852589e-53,0.284309923913558,0.768,0.513,9.85261344218445e-49,RAD23A,up
RPL18,3.27117549344606e-53,0.386700201772474,0.976,0.899,1.19754463639567e-48,RPL18,up
ADH5,3.36280480245322e-53,0.341794321457099,0.641,0.37,1.2310892101301e-48,ADH5,up
RPL39,4.00241973525354e-53,0.464678109191445,0.986,0.929,1.46524584087897e-48,RPL39,up
TKT,4.13816959798047e-53,0.366704275613063,0.732,0.455,1.51494250812467e-48,TKT,up
PGAM1,5.73718165577744e-53,0.349926055021916,0.78,0.535,2.10032483236356e-48,PGAM1,up
ADK,6.49534666752001e-53,0.344650296328291,0.845,0.579,2.3778814615124e-48,ADK,up
CNIH4,7.60593146705199e-53,0.275651394728583,0.664,0.398,2.78445545077306e-48,CNIH4,up
TMEM238,1.0507257695805e-52,0.25774382679918,0.579,0.319,3.84660196985724e-48,TMEM238,up
CCT4,1.12291949910896e-52,0.292749010978471,0.778,0.53,4.11089599428799e-48,CCT4,up
DMAC1,1.17230926755855e-52,0.320722635348609,0.517,0.263,4.29170699760511e-48,DMAC1,up
SSBP1,1.32775507830031e-52,0.308664712738828,0.721,0.466,4.86077856614959e-48,SSBP1,up
NDUFA7,1.47429754592128e-52,0.264589524836516,0.709,0.436,5.39725588586323e-48,NDUFA7,up
NAP1L1,1.88535687279716e-52,0.301639889277085,0.856,0.595,6.90210297562314e-48,NAP1L1,up
CAV1,1.96807007486702e-52,0.275695853109076,0.382,0.151,7.20490773708067e-48,CAV1,up
SLURP2,2.42614759894902e-52,-2.07297416635066,0.197,0.375,8.88188374499245e-48,SLURP2,down
RPS23,3.19337550795132e-52,0.418910879100777,0.973,0.901,1.1690628397059e-47,RPS23,up
MICOS13,4.13253716681664e-52,0.259092604056728,0.67,0.391,1.5128805313999e-47,MICOS13,up
UBAC1,4.47063818510133e-52,0.260674163241645,0.63,0.365,1.63665593318375e-47,UBAC1,up
NDUFS7,4.61274912916939e-52,0.302356622066674,0.719,0.453,1.68868132869762e-47,NDUFS7,up
KRT14,5.14139376124966e-52,0.647890004070812,0.625,0.374,1.88221284205589e-47,KRT14,up
CEACAM6,6.48427606690785e-52,-1.10785989151369,0.268,0.449,2.3738286253343e-47,CEACAM6,down
EIF3I,6.56661613746463e-52,0.271273715051785,0.694,0.425,2.40397250176443e-47,EIF3I,up
PSMC5,7.3956890769212e-52,0.2529225432813,0.706,0.432,2.70748781417008e-47,PSMC5,up
SPRR2D,7.87095573283957e-52,-2.17243726564003,0.188,0.366,2.88147818423524e-47,SPRR2D,down
SPRR1A,8.69840731369148e-52,-0.965786320904352,0.276,0.474,3.18439993346931e-47,SPRR1A,down
RPL37A,9.71759974821557e-52,0.352443521262955,0.966,0.873,3.55751609182424e-47,RPL37A,up
HNRNPH3,1.05057038610785e-51,0.263257572299002,0.741,0.476,3.84603312650224e-47,HNRNPH3,up
PABPN1,1.41378463031982e-51,0.30146700515966,0.831,0.596,5.17572415313781e-47,PABPN1,up
CRIP1,1.49370338192868e-51,0.469439977545437,0.789,0.545,5.4682987109027e-47,CRIP1,up
H3F3A,2.21494636786333e-51,0.37167670798666,0.972,0.901,8.10869715811087e-47,H3F3A,up
MDH1,2.6986700763984e-51,0.262569541100383,0.715,0.444,9.87956128268691e-47,MDH1,up
RPL17,2.90945116814858e-51,0.400727137116711,0.972,0.874,1.06512097814751e-46,RPL17,up
NDUFA12,3.13191113003531e-51,0.299403028264943,0.773,0.514,1.14656134559463e-46,NDUFA12,up
C15orf48,3.36018979067376e-51,-2.10141587719808,0.336,0.478,1.23013188046776e-46,C15orf48,down
TSPO,4.01463072349204e-51,0.396809363323955,0.849,0.631,1.4697161615632e-46,TSPO,up
NDUFB10,4.52689852346212e-51,0.302052602345537,0.767,0.516,1.65725228045425e-46,NDUFB10,up
LYPD2,5.23011428791417e-51,-1.99869606837114,0.066,0.22,1.9146925396625e-46,LYPD2,down
EIF3F,7.07936834502514e-51,0.251040531615825,0.707,0.426,2.59168595743025e-46,EIF3F,up
TUBA1C,1.97614287440915e-50,0.390303783848421,0.858,0.62,7.23446144892446e-46,TUBA1C,up
PLK1,2.61677002833412e-50,0.291586893624299,0.214,0.051,9.5797333967284e-46,PLK1,up
UBE2I,3.43421850851255e-50,0.279833269432324,0.771,0.54,1.25723305378136e-45,UBE2I,up
FUT3,4.2577171851437e-50,-0.694185240381832,0.216,0.386,1.55870768430926e-45,FUT3,down
MGST1,4.43267664095692e-50,0.385751669965921,0.625,0.374,1.62275859148792e-45,MGST1,up
PSMA1,4.49315432362969e-50,0.27688784790944,0.732,0.481,1.64489886633759e-45,PSMA1,up
CRABP2,4.6589723960814e-50,0.622100199060584,0.568,0.324,1.70560320448144e-45,CRABP2,up
ACTN1,8.6483362582171e-50,0.25317900638754,0.633,0.357,3.1660694207707e-45,ACTN1,up
TAF15,9.70198783896811e-50,0.282823436520892,0.803,0.552,3.55180072796784e-45,TAF15,up
ENSA,1.0914625624671e-49,0.322202265180053,0.857,0.615,3.9957352949358e-45,ENSA,up
ETFA,1.15952244297039e-49,0.253978152957925,0.67,0.402,4.24489571147031e-45,ETFA,up
RPL30,1.21120829616203e-49,0.425694115911958,0.981,0.919,4.43411245141958e-45,RPL30,up
PBX1,1.53997994445278e-49,0.268041760105273,0.658,0.379,5.63771257864719e-45,PBX1,up
PRDX6,1.62201999331088e-49,0.324026087040973,0.769,0.517,5.9380529935118e-45,PRDX6,up
EIF1AX,1.67878583954757e-49,0.28325220652548,0.859,0.643,6.1458670799997e-45,EIF1AX,up
COMMD6,1.70413564957301e-49,0.306382182234429,0.852,0.62,6.23867019952182e-45,COMMD6,up
TMEM123,1.95751837932574e-49,0.430816097852096,0.769,0.49,7.16627903487359e-45,TMEM123,up
TUBB4B,2.05582552549054e-49,0.515936177210005,0.892,0.739,7.52617166626833e-45,TUBB4B,up
SNHG6,2.59562502171251e-49,0.296931037556879,0.768,0.501,9.50232364198732e-45,SNHG6,up
KANK1,3.74898496083639e-49,0.391681188197965,0.596,0.324,1.37246590431259e-44,KANK1,up
NAA38,3.9746237307e-49,0.288642194357026,0.731,0.475,1.45507000157196e-44,NAA38,up
GAS5,4.17476203491188e-49,0.296113085996648,0.799,0.533,1.52833863336089e-44,GAS5,up
TRMT112,1.00112938235062e-48,0.339642114535689,0.842,0.63,3.66503455584738e-44,TRMT112,up
HSPD1,1.29638305643282e-48,0.354479808784231,0.923,0.762,4.74592873129492e-44,HSPD1,up
HSP90AB1,1.44242786404502e-48,0.338972362654852,0.98,0.927,5.28058416748241e-44,HSP90AB1,up
PSMA5,1.59161100760555e-48,0.257866622680459,0.687,0.434,5.82672873774315e-44,PSMA5,up
SYNCRIP,1.85198567267933e-48,0.270735918606159,0.771,0.524,6.77993434911175e-44,SYNCRIP,up
HNRNPL,2.35098810706752e-48,0.271166991552954,0.858,0.627,8.60673236116349e-44,HNRNPL,up
NENF,5.18597471170165e-48,0.275356362409621,0.648,0.387,1.89853348220686e-43,NENF,up
GSTP1,6.16312980026681e-48,0.466217536640261,0.97,0.9,2.25626018857967e-43,GSTP1,up
ATP5PF,6.32198898696352e-48,0.323173640011402,0.854,0.663,2.31441694823748e-43,ATP5PF,up
MICOS10,6.48542018362255e-48,0.308939659693457,0.873,0.676,2.37424747502238e-43,MICOS10,up
RPL35A,7.47205521707736e-48,0.373345020747215,0.98,0.938,2.73544469441985e-43,RPL35A,up
NDUFA4,8.42239698411263e-48,0.340741162003806,0.86,0.669,3.08335531191379e-43,NDUFA4,up
ETFB,8.46117778368364e-48,0.278733728863399,0.705,0.44,3.09755257482874e-43,ETFB,up
RPS16,8.67804338481432e-48,0.354639330795605,0.969,0.881,3.17694490274668e-43,RPS16,up
PUF60,1.14692598265527e-47,0.263726213387475,0.675,0.415,4.19878132990267e-43,PUF60,up
CACYBP,1.5573685991278e-47,0.30020679063266,0.811,0.59,5.70137070454698e-43,CACYBP,up
LMNA,1.86183598331876e-47,0.409311334040522,0.915,0.766,6.81599535133165e-43,LMNA,up
AKR1B10,1.89711273893413e-47,0.409565551182119,0.401,0.177,6.94514002596397e-43,AKR1B10,up
MALAT1,2.73442599183546e-47,-0.517071535905043,0.998,0.995,1.00104601135105e-42,MALAT1,down
LAD1,3.40055314103527e-47,0.348241782805349,0.722,0.474,1.2449084994016e-42,LAD1,up
RBM3,3.51949297820558e-47,0.327726698385187,0.77,0.519,1.28845118439128e-42,RBM3,up
HDAC1,3.56633370871684e-47,0.255669816578399,0.767,0.51,1.30559910742415e-42,HDAC1,up
PSMB3,3.75087684471776e-47,0.323490001935288,0.792,0.565,1.37315850408273e-42,PSMB3,up
AQP3,4.71545970933559e-47,0.556400958902965,0.819,0.625,1.72628264499067e-42,AQP3,up
ATP5PD,7.22908535955198e-47,0.324716374852572,0.841,0.619,2.64649585927838e-42,ATP5PD,up
TSTD1,7.49986681176435e-47,0.266618578057583,0.655,0.408,2.74562624111881e-42,TSTD1,up
HNRNPA0,7.53210923273267e-47,0.253864696513576,0.733,0.462,2.7574298690111e-42,HNRNPA0,up
TPR,8.0643144583748e-47,0.272233085993463,0.803,0.558,2.95226488006643e-42,TPR,up
MDM2,8.14308549731447e-47,-1.2342704309714,0.68,0.668,2.98110216971186e-42,MDM2,down
TAF4B,9.15822663751303e-47,0.254181421685209,0.491,0.244,3.35273518972715e-42,TAF4B,up
COX5B,1.33433056062561e-46,0.345360401978137,0.918,0.763,4.8848507493943e-42,COX5B,up
RBIS,1.50348068339839e-46,0.266653886726404,0.778,0.522,5.50409243385315e-42,RBIS,up
CALM2,1.92602150294331e-46,0.428720776048251,0.904,0.718,7.05097212012515e-42,CALM2,up
EFEMP1,2.30536191166887e-46,0.254019707740444,0.295,0.107,8.43969942242858e-42,EFEMP1,up
KHDRBS1,3.19797379733461e-46,0.28942452986293,0.877,0.665,1.17074622746623e-41,KHDRBS1,up
AP2M1,3.94419637326106e-46,0.332061496589576,0.84,0.64,1.44393085028714e-41,AP2M1,up
CCN1,5.49038327669798e-46,0.384440265710766,0.473,0.24,2.00997441376636e-41,CCN1,up
CHCHD2,1.35074532195438e-45,0.314183317583984,0.921,0.778,4.94494354914279e-41,CHCHD2,up
ANXA5,1.61316286562659e-45,0.281841165438433,0.711,0.437,5.90562793477239e-41,ANXA5,up
HSPA9,1.69597884867294e-45,0.257732533282478,0.779,0.526,6.20880896710678e-41,HSPA9,up
RPL26,3.02503569794537e-45,0.35001745139084,0.976,0.893,1.10743531866082e-40,RPL26,up
C12orf57,3.21165393477881e-45,0.295563863204705,0.801,0.548,1.17575438898317e-40,C12orf57,up
PSMD7,3.21943729213155e-45,0.255657282551717,0.757,0.515,1.17860379827644e-40,PSMD7,up
LGALS3BP,4.71147939260869e-45,0.31826041459403,0.764,0.515,1.72482549084012e-40,LGALS3BP,up
EIF3E,6.94552195126054e-45,0.266670613800687,0.787,0.543,2.54268613113697e-40,EIF3E,up
SCEL,7.36082026364625e-45,-0.909941592687899,0.207,0.375,2.69472269031826e-40,SCEL,down
IGFBP4,7.64193681395116e-45,0.251504779292164,0.548,0.309,2.79763664821938e-40,IGFBP4,up
PSMB6,9.48575227299168e-45,0.304053724195806,0.781,0.568,3.47263904961953e-40,PSMB6,up
BEX3,1.02223482763595e-44,0.402614262574186,0.549,0.32,3.74229948049243e-40,BEX3,up
COMT,1.04473687779638e-44,0.257732601363159,0.688,0.433,3.82467723592477e-40,COMT,up
RSRC1,1.56750296709636e-44,0.268489574014568,0.853,0.612,5.73847161224305e-40,RSRC1,up
RPL28,1.85424844216069e-44,0.339558864792036,0.992,0.963,6.78821812190609e-40,RPL28,up
SLC25A6,2.50243029893661e-44,0.337549603585318,0.834,0.624,9.16114708137704e-40,SLC25A6,up
RBM17,2.90535313286996e-44,0.28210989122635,0.717,0.451,1.06362072841236e-39,RBM17,up
NDUFA1,2.91442651957795e-44,0.349975215562891,0.899,0.717,1.06694240455229e-39,NDUFA1,up
COX7C,3.18002013849683e-44,0.323530351281151,0.944,0.815,1.16417357250231e-39,COX7C,up
CD81,5.39243778792549e-44,0.273994452878738,0.734,0.482,1.97411754978164e-39,CD81,up
NDUFB11,5.69286881073206e-44,0.347119205541444,0.854,0.654,2.0841023429209e-39,NDUFB11,up
NDUFA6,7.84488994031012e-44,0.278803919195185,0.79,0.555,2.87193575824813e-39,NDUFA6,up
DCXR,9.0132646888629e-44,0.250188075085837,0.645,0.402,3.29966606994582e-39,DCXR,up
GCLM,1.91473736358102e-43,0.276117087876038,0.411,0.195,7.00966201433376e-39,GCLM,up
NDUFA11,2.22368482184592e-43,0.271904605956767,0.844,0.632,8.14068776429575e-39,NDUFA11,up
EGR1,2.72750325818854e-43,0.488528539160531,0.894,0.733,9.98511667790243e-39,EGR1,up
FUS,3.0725081281387e-43,0.266211621215187,0.944,0.785,1.1248145006303e-38,FUS,up
RPN1,7.30520291117311e-43,0.276970957936792,0.816,0.603,2.67436173375137e-38,RPN1,up
RPL32,8.86470728817761e-43,0.408025621944257,0.983,0.932,3.24528069112894e-38,RPL32,up
NEDD8,1.30363444097867e-42,0.29049706026819,0.827,0.594,4.77247532497882e-38,NEDD8,up
RB1,1.34428233215059e-42,0.260606087879434,0.803,0.54,4.92128318977011e-38,RB1,up
RPS3A,1.4168510469407e-42,0.298813975065616,0.966,0.87,5.18694999774521e-38,RPS3A,up
CYCS,1.87622819249156e-42,0.264956656759367,0.848,0.63,6.86868378989235e-38,CYCS,up
GDI2,1.97661100448713e-42,0.369160969071174,0.763,0.527,7.23617522632692e-38,GDI2,up
ANXA1,2.42105760819678e-42,-0.855230822758937,0.965,0.943,8.86324979784758e-38,ANXA1,down
MUC20,2.75438075927789e-42,-1.43144506269235,0.393,0.5,1.00835125216404e-37,MUC20,down
RPS13,3.48140165326078e-42,0.316183569391788,0.966,0.884,1.27450633124224e-37,RPS13,up
NDUFC2,3.93989272793195e-42,0.448899906069702,0.816,0.615,1.44235532876861e-37,NDUFC2,up
NDUFS8,4.36699075866987e-42,0.250229983527444,0.695,0.455,1.59871164684145e-37,NDUFS8,up
RPL15,4.38834189447566e-42,0.380342487416651,0.959,0.86,1.60652808414859e-37,RPL15,up
POLR2L,5.48944975655455e-42,0.296477524481432,0.856,0.65,2.00963266137706e-37,POLR2L,up
XRCC5,1.08834116202895e-41,0.262443644069553,0.814,0.58,3.98430816007178e-37,XRCC5,up
RTRAF,1.37468287035607e-41,0.263364052330563,0.748,0.504,5.03257652008652e-37,RTRAF,up
SPNS2,1.38181301672957e-41,-0.537788597423456,0.044,0.165,5.0586792729453e-37,SPNS2,down
TTC9,1.83792206659449e-41,-0.69440107838684,0.276,0.421,6.72844889359577e-37,TTC9,down
MUC21,1.90741230509995e-41,-0.84813812260983,0.054,0.182,6.98284570774041e-37,MUC21,down
BCAM,2.09555365283317e-41,0.306473738639978,0.316,0.131,7.67161236765696e-37,BCAM,up
FOXQ1,2.11871562953036e-41,0.298028847232645,0.597,0.358,7.75640604814769e-37,FOXQ1,up
POMP,2.25102350343782e-41,0.268757333020181,0.819,0.613,8.24077194373552e-37,POMP,up
PPA1,3.35382716120359e-41,0.274365346989425,0.766,0.535,1.22780258544502e-36,PPA1,up
SUMO2,4.08622946912044e-41,0.280851534345684,0.914,0.777,1.4959277463503e-36,SUMO2,up
RPS14,5.65540656168067e-41,0.356930457731023,0.976,0.919,2.07038778816567e-36,RPS14,up
RPL38,1.33752305399501e-40,0.299826352749796,0.955,0.84,4.89653814837034e-36,RPL38,up
TPM3,1.54100614280975e-40,0.281998251796704,0.934,0.793,5.6414693882122e-36,TPM3,up
KRT10,1.77839756472742e-40,1.08462572965715,0.827,0.613,6.51053564471062e-36,KRT10,up
ATP1B3,1.94077747642112e-40,0.294208945257933,0.927,0.759,7.10499226343008e-36,ATP1B3,up
CEACAM1,2.13643085618486e-40,-0.85268937608315,0.233,0.377,7.82125972140714e-36,CEACAM1,down
RPL10,2.22618770346663e-40,0.27198838788813,0.983,0.933,8.14985056362098e-36,RPL10,up
ATP1A1,2.54118687950897e-40,0.258476338284868,0.869,0.661,9.30303104719437e-36,ATP1A1,up
PRDM1,2.75455219150569e-40,-0.830645118870124,0.447,0.553,1.00841401178832e-35,PRDM1,down
RAB11FIP1,3.02946146983388e-40,-0.802686197137485,0.74,0.738,1.10905554949148e-35,RAB11FIP1,down
SEM1,4.58203565034273e-40,0.276366480985257,0.917,0.764,1.67743743123397e-35,SEM1,up
HNRNPDL,5.71702397006979e-40,0.265938898070534,0.894,0.696,2.09294530520285e-35,HNRNPDL,up
FABP5,6.98582278981936e-40,0.382860472472915,0.917,0.782,2.55743986512497e-35,FABP5,up
CFH,9.15323719620266e-40,0.258039290576898,0.554,0.318,3.35090860515783e-35,CFH,up
ITGB6,1.2178285931609e-39,0.304514680505238,0.524,0.292,4.45834869670273e-35,ITGB6,up
UBA52,4.18212992146407e-39,0.282840465736419,0.951,0.843,1.53103594294878e-34,UBA52,up
HIST1H4C,9.92728169128821e-39,0.622180353773761,0.753,0.534,3.6342785543637e-34,HIST1H4C,up
YWHAE,1.12426969980131e-38,0.275432589187994,0.891,0.713,4.11583894400262e-34,YWHAE,up
PSMD8,1.2695978498202e-38,0.250089828047788,0.78,0.548,4.64787076840675e-34,PSMD8,up
FLNA,1.33803993213034e-38,0.312810619702125,0.768,0.516,4.89843038753594e-34,FLNA,up
PDIA3,1.35118029188831e-38,0.27891693308431,0.887,0.696,4.9465359305739e-34,PDIA3,up
RPL22L1,1.51785685158735e-38,0.269460944282445,0.789,0.564,5.55672214797614e-34,RPL22L1,up
NDUFB1,2.02563655947312e-38,0.284035269077476,0.857,0.663,7.41565288057515e-34,NDUFB1,up
PSMD2,2.28987620696049e-38,0.250487835481689,0.785,0.558,8.38300780606164e-34,PSMD2,up
FUT6,4.91854740729068e-38,-0.522664366139455,0.109,0.248,1.80063102033505e-33,FUT6,down
NACA,5.03875918234892e-38,0.301082721536556,0.969,0.893,1.84463934906612e-33,NACA,up
COX6B1,5.47702946386681e-38,0.27097639411406,0.927,0.795,2.005085716427e-33,COX6B1,up
PSME1,5.92447495164642e-38,0.282203256288569,0.869,0.688,2.16889103504824e-33,PSME1,up
GPX4,1.00126581038927e-37,0.277985479484186,0.867,0.678,3.66553400525407e-33,GPX4,up
HLA-E,1.79191075678219e-37,-0.496871675624949,0.939,0.89,6.56000608950393e-33,HLA-E,down
PHLDA2,4.30180483396365e-37,0.35013804554285,0.841,0.637,1.57484773166575e-32,PHLDA2,up
ALDOA,6.5330426321601e-37,0.3093315754303,0.916,0.771,2.39168157720749e-32,ALDOA,up
WWOX,7.50426251061024e-37,0.259208650945054,0.79,0.562,2.7472354625093e-32,WWOX,up
SPRR2F,7.8095067619467e-37,-1.04351101976684,0.054,0.172,2.85898233048107e-32,SPRR2F,down
DUOX2,1.05578585134148e-36,-0.732143989274961,0.204,0.342,3.86512642317602e-32,DUOX2,down
CEACAM7,1.50619051519532e-36,-0.613938555355838,0.057,0.175,5.51401285707855e-32,CEACAM7,down
SYPL1,1.95482353904099e-36,0.262513369291312,0.719,0.495,7.15641349407518e-32,SYPL1,up
TMPRSS11E,3.2418185991767e-36,-1.20603696963294,0.175,0.315,1.1867973709726e-31,TMPRSS11E,down
ANAPC11,4.07886746481997e-36,0.262086526729977,0.813,0.606,1.49323259019594e-31,ANAPC11,up
CTSH,5.20738534250543e-36,0.287005069544186,0.587,0.37,1.90637170003781e-31,CTSH,up
NFE2L2,1.88826255488964e-35,0.32754288107012,0.908,0.738,6.91274038719549e-31,NFE2L2,up
HSPE1,3.43161054103846e-35,0.291435983461377,0.921,0.781,1.25627830296877e-30,HSPE1,up
SDCBP2,3.6214436784869e-35,-0.713762921736296,0.463,0.545,1.32577431625727e-30,SDCBP2,down
DHRS9,5.13767949742073e-35,-0.518740307770516,0.054,0.165,1.88085308721076e-30,DHRS9,down
GSTM3,5.72837776764446e-35,0.325763940144906,0.237,0.09,2.09710181695696e-30,GSTM3,up
JPT1,6.39426138942643e-35,0.285713274842062,0.839,0.654,2.34087515205512e-30,JPT1,up
AKR1C3,3.38528162587365e-34,0.656374170228356,0.266,0.113,1.23931775041609e-29,AKR1C3,up
ATP5ME,3.80107214757916e-34,0.27715755512565,0.86,0.646,1.39153450250726e-29,ATP5ME,up
TNC,4.45693225237532e-34,0.26572420074482,0.316,0.143,1.63163832827208e-29,TNC,up
ATP5MD,1.00041556562755e-33,0.288211691489221,0.856,0.692,3.66242134420591e-29,ATP5MD,up
RPL14,1.96951912441423e-33,0.315308840892911,0.956,0.841,7.21021256256805e-29,RPL14,up
PRSS8,1.98369331954262e-33,-0.956999978896896,0.488,0.543,7.26210287351356e-29,PRSS8,down
CLIC1,5.49996098912139e-33,0.259644214225067,0.898,0.735,2.01348071850745e-28,CLIC1,up
CALR,6.50057286689113e-33,0.31195732614859,0.915,0.783,2.37979472084017e-28,CALR,up
TP53INP2,2.04813068674378e-32,-0.811442016491685,0.236,0.364,7.49800163110031e-28,TP53INP2,down
FAM214A,2.40902658549346e-32,-0.780099218202825,0.574,0.609,8.819205426833e-28,FAM214A,down
ADH1C,2.50344024173816e-32,0.866900881296643,0.165,0.049,9.16484438097924e-28,ADH1C,up
S100A14,3.62546649502671e-32,0.285418540360706,0.859,0.665,1.32724702916433e-27,S100A14,up
XPR1,4.50656004100091e-32,0.257887051721101,0.765,0.539,1.64980656541002e-27,XPR1,up
NCCRP1,5.50041634451581e-32,-0.777865485528446,0.17,0.298,2.01364741956379e-27,NCCRP1,down
FOS,6.81906973518554e-32,0.39199123772362,0.957,0.913,2.49639323935408e-27,FOS,up
S100A9,9.17093168063626e-32,-1.27452082613772,0.791,0.789,3.35738637896413e-27,S100A9,down
BST2,2.42200740903319e-31,0.259814785675136,0.892,0.722,8.86672692372959e-27,BST2,up
SPINT1,4.47203506653363e-31,-0.810934733910629,0.687,0.673,1.6371673175073e-26,SPINT1,down
PSMA6,5.56182193884345e-31,0.253163549462076,0.823,0.638,2.0361273935912e-26,PSMA6,up
RDH10,7.91006144909556e-31,-1.04068418321459,0.46,0.521,2.89579439589939e-26,RDH10,down
SELENOW,9.74212735474911e-31,0.293677128457118,0.818,0.624,3.5664954033001e-26,SELENOW,up
GNGT1,1.18622693446997e-30,0.275281116680494,0.451,0.267,4.34265818440112e-26,GNGT1,up
LIPH,3.1962318271484e-30,-0.950700871372783,0.242,0.36,1.17010850960076e-25,LIPH,down
NCOA7,6.53837510848517e-30,0.251684342330523,0.799,0.587,2.39363374346533e-25,NCOA7,up
CYSRT1,9.43744676094981e-30,-0.78779121726292,0.174,0.303,3.45495488471612e-25,CYSRT1,down
SPINK7,6.087127087045e-29,-0.96481537127993,0.029,0.114,2.2284363552963e-24,SPINK7,down
S100P,7.22879683978731e-29,-1.75067083695021,0.431,0.499,2.64639023507773e-24,S100P,down
DUOXA2,1.23554193497827e-28,-0.695600811695229,0.086,0.197,4.52319546976196e-24,DUOXA2,down
CSTB,2.44754939846184e-28,-1.01844923513231,0.944,0.91,8.96023359282896e-24,CSTB,down
ERO1A,6.47958569497868e-28,-1.17109070979024,0.638,0.651,2.37211152707474e-23,ERO1A,down
XDH,9.51718318232737e-28,-0.553191128582747,0.124,0.238,3.48414559121823e-23,XDH,down
METRNL,1.60825040458338e-27,-0.647646388143912,0.449,0.505,5.88764390613929e-23,METRNL,down
SERPINE1,4.54346425769701e-27,0.258855220625499,0.384,0.215,1.6633168301003e-22,SERPINE1,up
MYO5B,1.09763854168942e-26,-0.7190174563458,0.514,0.571,4.01834493727081e-22,MYO5B,down
HIST1H1E,1.24464834895311e-26,0.367947179177383,0.63,0.431,4.55653314068245e-22,HIST1H1E,up
SMARCA2,1.31845370666892e-26,0.282499209784548,0.72,0.496,4.82672717474424e-22,SMARCA2,up
NECTIN4,1.7607371712413e-26,-0.625141760283643,0.579,0.607,6.44588271019726e-22,NECTIN4,down
RHCG,3.34959272195573e-26,-0.912296765342322,0.336,0.454,1.22625239958077e-21,RHCG,down
GCNT3,3.77458708509811e-26,-0.282986973599185,0.04,0.126,1.38183858598357e-21,GCNT3,down
SPINK5,4.04348494115637e-26,-1.10606057974144,0.342,0.445,1.48027940210794e-21,SPINK5,down
CYP3A5,4.14993525735494e-26,-0.497206604750022,0.165,0.28,1.51924979836507e-21,CYP3A5,down
SPRR2E,4.35140963382506e-26,-1.38030032496876,0.085,0.19,1.59300755284702e-21,SPRR2E,down
TIMP2,5.07852947561129e-26,-0.661137705261547,0.192,0.301,1.85919885572654e-21,TIMP2,down
CAPN14,5.99801195981946e-26,-0.43352681385479,0.06,0.157,2.19581219837031e-21,CAPN14,down
GPCPD1,6.46767157258137e-26,-0.607738612277056,0.698,0.684,2.36774988600631e-21,GPCPD1,down
TMPRSS11D,1.03211535290211e-25,-0.814491550261578,0.513,0.571,3.77847109543933e-21,TMPRSS11D,down
FNDC3B,1.04684806085692e-25,-0.704976708444022,0.876,0.823,3.83240606599108e-21,FNDC3B,down
NR4A1,1.27523766814511e-25,0.2711770313426,0.786,0.605,4.66851757931243e-21,NR4A1,up
ATP6V0C,5.17302798338224e-25,-0.491796228014599,0.884,0.815,1.89379381443641e-20,ATP6V0C,down
TMPRSS11B,7.23318552979805e-25,-0.556747953207007,0.029,0.105,2.64799689060377e-20,TMPRSS11B,down
PCDH1,7.97852221546051e-25,-0.563223897235648,0.285,0.376,2.92085719785794e-20,PCDH1,down
BCL2L1,1.11592839253e-24,-0.607763437734255,0.514,0.542,4.08530225221307e-20,BCL2L1,down
SELENOP,1.95023450247451e-24,0.311780956417921,0.742,0.565,7.13961349010894e-20,SELENOP,up
CDKN1A,2.23988437659018e-24,-0.840526886538251,0.873,0.807,8.19999271425899e-20,CDKN1A,down
AKR1C1,2.26540246249598e-24,0.607494748996963,0.177,0.071,8.29341187495154e-20,AKR1C1,up
RBM47,5.93870768715484e-24,-0.54189659433254,0.758,0.727,2.17410149719052e-19,RBM47,down
SLPI,6.24922512030938e-24,-1.52751870755184,0.802,0.744,2.28777882429406e-19,SLPI,down
SERPINB1,7.21801868761987e-24,-0.635713704738016,0.742,0.721,2.64244446135076e-19,SERPINB1,down
NIBAN2,8.90329166460505e-24,-0.812353330433027,0.689,0.671,3.25940604549526e-19,NIBAN2,down
A2ML1,9.33443538066343e-24,-0.811654273475049,0.262,0.362,3.41724344850708e-19,A2ML1,down
STEAP4,9.92709055763552e-24,-0.621164342501104,0.142,0.246,3.63420858224479e-19,STEAP4,down
AL355312.4,1.54004245916397e-23,-0.433789866151859,0.088,0.183,5.63794143875338e-19,AL355312.4,down
CPEB4,1.60531831833896e-23,-0.478908858112758,0.367,0.452,5.87690983160708e-19,CPEB4,down
RPL29,1.80195805474413e-23,0.253211448583901,0.964,0.877,6.59678824261279e-19,RPL29,up
NDUFA4L2,2.11036789636542e-23,0.374784757936249,0.465,0.296,7.72584583180418e-19,NDUFA4L2,up
LMO7,4.63751305593335e-23,-1.01893254491492,0.629,0.616,1.69774715464664e-18,LMO7,down
TCN1,5.00229507366581e-23,-0.476504415681148,0.093,0.192,1.83129020351832e-18,TCN1,down
CA9,9.15998894404413e-23,0.266393039001164,0.179,0.073,3.35338035252512e-18,CA9,up
KRT17,9.88298560231751e-23,0.280462036354225,0.886,0.745,3.61806219915242e-18,KRT17,up
ATP10B,1.06400981607381e-22,-0.478726613728848,0.175,0.281,3.8952335356646e-18,ATP10B,down
SAMD9,1.98030183348509e-22,-0.64408388561806,0.491,0.545,7.24968698220558e-18,SAMD9,down
F3,2.20149517390644e-22,-0.597338432352271,0.418,0.503,8.05945368215409e-18,F3,down
SLC26A9,2.80738920238034e-22,-0.357904053162879,0.047,0.126,1.02775711309942e-17,SLC26A9,down
HIST1H2AC,7.00339773728765e-21,-0.558057273773078,0.542,0.586,2.56387387764364e-16,HIST1H2AC,down
EDN2,1.12771772480042e-20,0.407992492271231,0.271,0.146,4.12846181872187e-16,EDN2,up
QSOX1,1.67027956018052e-20,-0.649924085309307,0.427,0.48,6.11472644186487e-16,QSOX1,down
HOPX,4.05815237901304e-20,-1.09244409619295,0.198,0.285,1.48564900443288e-15,HOPX,down
ZMAT3,4.09965873220931e-20,-0.412993670215092,0.25,0.34,1.50084406527451e-15,ZMAT3,down
TMPRSS4,4.84853401258487e-20,-0.624522661182225,0.743,0.678,1.77499981666719e-15,TMPRSS4,down
HIST1H1D,5.67342472583062e-20,0.257877970158809,0.337,0.199,2.07698405787933e-15,HIST1H1D,up
FBXO32,7.10428972634392e-20,-0.712190337326829,0.585,0.593,2.60080942591725e-15,FBXO32,down
C4orf3,1.0126037736029e-19,-0.638368317828486,0.733,0.676,3.70704115478284e-15,C4orf3,down
CD68,1.46774130409032e-19,-0.586086251274375,0.429,0.48,5.37325414014425e-15,CD68,down
PTN,3.42675612126093e-19,0.284009779302251,0.306,0.186,1.25450114843241e-14,PTN,up
TMSB10,5.83573844576681e-19,-0.378225806968141,0.995,0.987,2.13640548761077e-14,TMSB10,down
ADGRF1,6.32850811573141e-19,-0.625487925334484,0.238,0.326,2.31680353608811e-14,ADGRF1,down
ST14,6.58875989776027e-19,-0.556672043341774,0.621,0.604,2.41207911097106e-14,ST14,down
LYN,7.5597855780032e-19,-0.582535748353054,0.668,0.635,2.76756190225119e-14,LYN,down
S100A8,9.93720784322159e-19,-0.977678921276556,0.819,0.796,3.63791241932499e-14,S100A8,down
CLIC3,1.01482592639829e-18,-0.746427668968809,0.249,0.343,3.71517623395151e-14,CLIC3,down
INPP5D,1.14198575421179e-18,-0.325582130239334,0.205,0.305,4.18069564759395e-14,INPP5D,down
HK2,1.33107593243026e-18,-0.613640924341905,0.413,0.475,4.87293588103395e-14,HK2,down
PDLIM5,2.08836015758204e-18,-0.470781823335234,0.799,0.755,7.64527770089209e-14,PDLIM5,down
ATP6V1G1,2.36879666624122e-18,-0.538352664538785,0.85,0.763,8.67192771544249e-14,ATP6V1G1,down
PDZK1IP1,3.00089802009734e-18,-1.3216722130704,0.526,0.535,1.09859875617744e-13,PDZK1IP1,down
NPEPPS,3.83419474780223e-18,-0.484982044554449,0.763,0.726,1.40366035522292e-13,NPEPPS,down
HMOX1,4.63355259182006e-18,-0.53045837081537,0.216,0.304,1.69629726833941e-13,HMOX1,down
TGFA,7.1654335712942e-18,-0.495017912159912,0.381,0.445,2.62319357611509e-13,TGFA,down
BCAT1,7.68702201937686e-18,-0.398894609170424,0.072,0.148,2.81414189107368e-13,BCAT1,down
SMIM5,9.56928746616277e-18,-0.256331576424485,0.1,0.184,3.50322044848753e-13,SMIM5,down
HEPHL1,2.15305107684655e-17,-0.447446564743113,0.053,0.123,7.88210468722752e-13,HEPHL1,down
ABCA1,3.6200628918551e-17,-0.503975817814184,0.432,0.49,1.32526882407923e-12,ABCA1,down
RPS27L,3.84624486779359e-17,-0.694614213455843,0.723,0.64,1.40807178365055e-12,RPS27L,down
AKAP13,5.22238474825851e-17,-0.330114660693176,0.928,0.875,1.91186283248996e-12,AKAP13,down
ZNF117,5.48677335111771e-17,-0.318589674812059,0.121,0.204,2.00865285611068e-12,ZNF117,down
TMEM45B,6.27604720753074e-17,-0.358289525222257,0.147,0.231,2.29759812220493e-12,TMEM45B,down
TMBIM1,7.77625668408927e-17,-0.56896644058572,0.61,0.591,2.84680980947824e-12,TMBIM1,down
ARL6IP1,9.58235742988715e-17,0.396036257749051,0.86,0.727,3.50800523150739e-12,ARL6IP1,up
CAST,1.28373875185733e-16,-0.307942394181228,0.95,0.896,4.69963919667449e-12,CAST,down
RNF39,1.52715131337372e-16,-0.623183613344991,0.244,0.322,5.59074824312985e-12,RNF39,down
PPL,1.75182130679651e-16,-0.8336186996463,0.66,0.637,6.41324262205136e-12,PPL,down
BICDL2,3.28289453123382e-16,-0.539503721683925,0.343,0.405,1.20183485893939e-11,BICDL2,down
TMEM159,3.67390419183314e-16,-0.577372124557943,0.486,0.496,1.34497958558819e-11,TMEM159,down
PTPRH,3.72593574399777e-16,-0.375013968611081,0.141,0.221,1.36402781652014e-11,PTPRH,down
ATP1B1,4.03369347548035e-16,-0.601701883932812,0.812,0.726,1.4766948444386e-11,ATP1B1,down
ECM1,4.04661059954969e-16,-1.19706811012273,0.358,0.408,1.48142367438914e-11,ECM1,down
H2AFJ,1.00450750843038e-15,-0.57835081140226,0.624,0.595,3.67740153761276e-11,H2AFJ,down
DUSP5,1.14414179437757e-15,-0.740418411254833,0.501,0.519,4.18858869503685e-11,DUSP5,down
SLCO4A1,1.41295538510035e-15,-0.389180016552026,0.144,0.223,5.17268836931388e-11,SLCO4A1,down
YPEL5,1.5627508447793e-15,-0.419983315754785,0.748,0.689,5.72107456765256e-11,YPEL5,down
KRT13,1.58993442809327e-15,-0.842298761997164,0.636,0.681,5.82059094780666e-11,KRT13,down
SERINC2,1.96139679220782e-15,-0.711653344679715,0.571,0.565,7.18047751659362e-11,SERINC2,down
TMEM30A,3.73358682050147e-15,-0.6461462426189,0.585,0.559,1.36682879911738e-10,TMEM30A,down
LGALS1,4.2139543728317e-15,0.285406502383486,0.58,0.432,1.54268655634996e-10,LGALS1,up
UBE2B,4.3184855841525e-15,-0.416476735767977,0.791,0.714,1.58095438750239e-10,UBE2B,down
KRT78,5.39034272763368e-15,-0.483543682080735,0.044,0.104,1.97335056915942e-10,KRT78,down
PARM1,7.40626306287454e-15,-0.265333580326136,0.096,0.17,2.71135884468774e-10,PARM1,down
TGM2,7.92776820660007e-15,-0.432778332055828,0.088,0.159,2.90227666275422e-10,TGM2,down
APOBEC3A,8.66381210162838e-15,-1.30831191350306,0.207,0.282,3.17173497228513e-10,APOBEC3A,down
AC025580.2,1.25841997023742e-14,-0.399905068336527,0.131,0.205,4.60694966904217e-10,AC025580.2,down
CXCL14,1.82012015667103e-14,-0.347007061612304,0.392,0.249,6.66327788155696e-10,CXCL14,down
PTTG1IP,2.14796946033111e-14,-0.700742836810428,0.7,0.631,7.86350139732617e-10,PTTG1IP,down
MYO6,2.36314602645984e-14,-0.647016893763971,0.64,0.625,8.65124128826684e-10,MYO6,down
CCDC69,2.4226330260303e-14,-0.258522065709411,0.098,0.171,8.86901724499431e-10,CCDC69,down
HS3ST1,3.62667662554712e-14,-0.454274924326869,0.277,0.346,1.32769004584655e-09,HS3ST1,down
ANXA11,8.71618728822309e-14,-0.516656564652195,0.771,0.714,3.19090900434559e-09,ANXA11,down
MUC16,9.36493636446526e-14,-0.911639288538746,0.245,0.315,3.42840955366709e-09,MUC16,down
LGALS3,1.23522573550492e-13,-0.55806677660636,0.904,0.857,4.52203789510998e-09,LGALS3,down
TJP2,1.26215564266396e-13,-0.56411486834997,0.683,0.645,4.62062559222851e-09,TJP2,down
PLAC8,1.32286940608926e-13,-0.693410785844548,0.264,0.327,4.84289260875218e-09,PLAC8,down
TMC5,1.486720006569e-13,-0.561315827900601,0.265,0.335,5.44273327204845e-09,TMC5,down
S100A12,1.67653220529914e-13,-1.22887298829043,0.19,0.259,6.13761675037962e-09,S100A12,down
KRT7,2.24806908889624e-13,-0.561274159816154,0.316,0.391,8.22995612754025e-09,KRT7,down
IL36G,2.74143637806468e-13,-0.61147588152853,0.065,0.127,1.0036124436457e-08,IL36G,down
IL13RA1,3.35305934680429e-13,-0.406760834193648,0.441,0.461,1.22752149627158e-08,IL13RA1,down
MACC1,3.46223349022371e-13,-0.692162496436573,0.496,0.503,1.267489058436e-08,MACC1,down
SAA2,7.77388381567378e-13,-0.563082017843748,0.09,0.156,2.84594112608001e-08,SAA2,down
KRT4,9.17424195345572e-13,0.353064175484411,0.226,0.138,3.3585982367406e-08,KRT4,up
DAPP1,1.19873216509913e-12,-0.497792480742165,0.437,0.464,4.38843858321139e-08,DAPP1,down
CXCL10,1.56125484321236e-12,0.679963968095374,0.207,0.122,5.71559785551612e-08,CXCL10,up
C6orf132,1.84404399698193e-12,-0.534713382958948,0.533,0.53,6.75086066855116e-08,C6orf132,down
CDKN2B,2.15178124369595e-12,-0.646423498345325,0.672,0.619,7.8774559550465e-08,CDKN2B,down
LINC00551,2.21298608573795e-12,-0.447672482409707,0.102,0.167,8.10152076127806e-08,LINC00551,down
NAMPT,2.7360929500797e-12,-0.482939868741591,0.815,0.735,1.00165626809468e-07,NAMPT,down
PPDPF,3.48621996607171e-12,-0.606934446577049,0.928,0.846,1.27627026737919e-07,PPDPF,down
ATG9B,3.63176421626383e-12,-0.443803209050869,0.083,0.143,1.32955256193203e-07,ATG9B,down
ISG15,3.69852334345255e-12,-1.12129687117243,0.77,0.721,1.35399241080454e-07,ISG15,down
UBE2H,3.90409399232112e-12,-0.437826263950118,0.867,0.77,1.42924976964884e-07,UBE2H,down
ZFAND3,4.91510594482015e-12,-0.370483177682089,0.861,0.79,1.79937113533921e-07,ZFAND3,down
MPZL3,8.70241209815093e-12,-0.397262488565146,0.289,0.341,3.18586604501207e-07,MPZL3,down
PICALM,1.0433342018803e-11,-0.497202011452408,0.725,0.665,3.8195421796636e-07,PICALM,down
NTN4,1.20992723862843e-11,-0.391051484298927,0.184,0.251,4.42942262789481e-07,NTN4,down
RNASE7,1.73167852882647e-11,-0.321232653555021,0.059,0.115,6.33950192618083e-07,RNASE7,down
CLDN10,1.78766723552426e-11,-0.421663503321374,0.049,0.101,6.54447098253078e-07,CLDN10,down
SORT1,2.0729772960484e-11,-0.360178667501243,0.226,0.285,7.5889625831036e-07,SORT1,down
ATP6V0E1,2.55045045130777e-11,-0.364673968170513,0.823,0.718,9.33694405719262e-07,ATP6V0E1,down
OSBPL3,2.84000505610932e-11,-0.477872941979897,0.624,0.596,1.03969745099106e-06,OSBPL3,down
MUC4,2.90725405094907e-11,-0.853855685967783,0.781,0.707,1.06431663551195e-06,MUC4,down
KLK12,5.07513629226068e-11,-0.338886177735338,0.052,0.103,1.85795664523371e-06,KLK12,down
LRP10,9.39542413526731e-11,-0.484447447599587,0.559,0.523,3.43957082168001e-06,LRP10,down
KIFC3,1.13356571554093e-10,-0.565263473823235,0.325,0.36,4.14987072802379e-06,KIFC3,down
TMC1,1.62524283867051e-10,-0.417736902900859,0.092,0.149,5.94985150808889e-06,TMC1,down
TP53INP1,1.64400898491116e-10,-0.259992192595208,0.207,0.269,6.01855249286127e-06,TP53INP1,down
CD36,2.21129933522686e-10,-0.448845614685295,0.125,0.187,8.09534573633201e-06,CD36,down
VPS37B,2.57871065290685e-10,-0.436711163691222,0.787,0.71,9.4404018292267e-06,VPS37B,down
TPM4,2.60053008395526e-10,-0.334332314813748,0.959,0.919,9.52028058435182e-06,TPM4,down
BTG1,2.63287674533074e-10,-0.311356690557121,0.918,0.837,9.63869847698129e-06,BTG1,down
SERPINA3,3.12885816048289e-10,-1.58125150445661,0.1,0.159,1.14544368397118e-05,SERPINA3,down
B2M,3.3349279088755e-10,-0.336412100696206,0.997,0.988,1.22088375816023e-05,B2M,down
AFDN,3.593864297119e-10,-0.510471454531793,0.714,0.652,1.3156777805323e-05,AFDN,down
PI3,3.62083534540512e-10,-1.67187519235049,0.218,0.276,1.32555161159936e-05,PI3,down
ABCA12,3.629715662401e-10,-0.319046738050457,0.191,0.252,1.32880260684838e-05,ABCA12,down
ERV3-1,3.66218301333921e-10,-0.27103849046175,0.141,0.202,1.34068857935335e-05,ERV3-1,down
CD59,4.15123265147617e-10,-0.62143952130976,0.77,0.691,1.51972476137891e-05,CD59,down
RAB27B,4.34752788220628e-10,-0.502950988058219,0.562,0.545,1.5915864823969e-05,RAB27B,down
VAMP8,5.17976083780504e-10,-0.394488838207032,0.813,0.701,1.89625864511205e-05,VAMP8,down
CRYBG2,5.24791836304359e-10,-0.467543892645996,0.367,0.394,1.92121043352663e-05,CRYBG2,down
CSGALNACT1,6.02769196687974e-10,-0.305025681518912,0.158,0.218,2.206677752155e-05,CSGALNACT1,down
ADGRL2,6.49926599121843e-10,-0.385027141049775,0.268,0.323,2.37931628672516e-05,ADGRL2,down
NTS,7.17942291059592e-10,0.628745510225148,0.227,0.154,2.62831493334006e-05,NTS,up
RORA,7.33918474050892e-10,-0.490576452735211,0.636,0.635,2.68680214165291e-05,RORA,down
MAP3K13,7.53094209646137e-10,-0.763618864557847,0.85,0.77,2.75700259209354e-05,MAP3K13,down
CLCA4,9.23398601566537e-10,-0.574377838863551,0.192,0.256,3.38046994047493e-05,CLCA4,down
PGF,1.13592342015044e-09,-0.284447495137454,0.127,0.186,4.15850204882874e-05,PGF,down
CFLAR,1.27226668566271e-09,-0.382943891940098,0.658,0.61,4.6576411095426e-05,CFLAR,down
TRIP10,1.31998012656438e-09,-0.53719977872037,0.517,0.499,4.83231524533954e-05,TRIP10,down
CLDN7,1.66334801742222e-09,-0.530065559875051,0.752,0.68,6.08935075698099e-05,CLDN7,down
ERBIN,1.67912163555587e-09,-0.401875685916707,0.778,0.705,6.14709639560648e-05,ERBIN,down
TSPAN1,1.89309437922913e-09,-0.674153155625419,0.407,0.419,6.93042921291991e-05,TSPAN1,down
KIF13B,2.11565745466412e-09,-0.428162073622757,0.459,0.468,7.74521037577988e-05,KIF13B,down
NDRG2,2.17402385155916e-09,-0.658381141412914,0.317,0.346,7.95888391817293e-05,NDRG2,down
IDO1,2.23966688074343e-09,-0.922032237453553,0.333,0.377,8.19919648371361e-05,IDO1,down
ZFAND5,2.61726425494721e-09,-0.373035966340719,0.839,0.745,9.58154271093625e-05,ZFAND5,down
NT5C2,3.64934330357828e-09,-0.478426163832905,0.621,0.573,0.000133598809000697,NT5C2,down
PLD1,4.13771220062714e-09,-0.457203529798523,0.641,0.592,0.000151477505952759,PLD1,down
GRHL1,6.75998347567822e-09,-0.439669023524277,0.427,0.443,0.000247476235061104,GRHL1,down
KLHL24,7.14229993395796e-09,-0.411140923410038,0.588,0.548,0.000261472458282267,KLHL24,down
NECTIN2,8.34361259377956e-09,-0.427540421362633,0.671,0.614,0.000305451313445676,NECTIN2,down
AFF4,8.72891683027406e-09,-0.344931275707266,0.804,0.723,0.000319556916239503,AFF4,down
MACF1,1.23133986594622e-08,-0.391133241826157,0.861,0.782,0.000450781211524251,MACF1,down
JMY,1.51887705251652e-08,-0.342577393360718,0.468,0.478,0.000556045700155774,JMY,down
ELL2,1.96233144822051e-08,-0.31210527895981,0.855,0.778,0.000718389919879046,ELL2,down
S100A7,2.75738141883109e-08,-1.64174963716665,0.073,0.12,0.00100944976361987,S100A7,down
GDPD3,2.7853780623875e-08,-0.278937355437313,0.082,0.129,0.00101969905485944,GDPD3,down
PITX1,3.18877659753939e-08,-0.459673092707653,0.813,0.73,0.00116737922459319,PITX1,down
SLURP1,3.35604184852081e-08,-0.555697952230912,0.077,0.125,0.00122861336032498,SLURP1,down
HEBP2,3.90803126354881e-08,-0.40977193432451,0.758,0.685,0.00143069116527258,HEBP2,down
HSPB8,4.49284730826159e-08,-0.460225695126283,0.338,0.38,0.00164478647108149,HSPB8,down
RNASEK,4.60669909590369e-08,-0.292206613232655,0.855,0.737,0.00168646647201938,RNASEK,down
ELF3,5.83651223169044e-08,-0.463403823882556,0.887,0.815,0.00213668876289955,ELF3,down
FAM83A,8.53113214789429e-08,-0.506867698449474,0.404,0.417,0.00312316216802262,FAM83A,down
CXCL17,9.64719544814844e-08,-0.685989095370739,0.642,0.59,0.00353174178161266,CXCL17,down
GRN,1.08877636466697e-07,-0.55268198199689,0.746,0.649,0.00398590139340929,GRN,down
ATP13A4,1.09864212180107e-07,-0.511907982461037,0.114,0.162,0.00402201894370155,ATP13A4,down
ETV6,1.26398382270349e-07,-0.390983953376227,0.795,0.724,0.00462731837653522,ETV6,down
ROBO1,1.33159813322561e-07,-0.290745025583452,0.517,0.366,0.00487484760592565,ROBO1,down
PLXNB2,1.6149859282743e-07,-0.398308304157243,0.623,0.571,0.00591230198481937,PLXNB2,down
RASGEF1B,1.64972997823234e-07,-0.482366441018149,0.782,0.69,0.00603949647731078,RASGEF1B,down
ADAM28,1.84482284032392e-07,-0.441434685570548,0.295,0.324,0.00675371193614183,ADAM28,down
ITGB8,1.89543855249802e-07,-0.524172971021442,0.675,0.614,0.00693901099684,ITGB8,down
ANKRD36C,1.95299601752614e-07,-0.760970530063872,0.494,0.475,0.00714972312056144,ANKRD36C,down
TXNIP,1.95329046232506e-07,-0.369585791699693,0.722,0.663,0.00715080105352582,TXNIP,down
SRGN,2.21968886963504e-07,-0.450411167173852,0.41,0.45,0.0081260589828469,SRGN,down
CD24,2.36892832881395e-07,-0.570586846099324,0.732,0.688,0.00867240971895498,CD24,down
LINC01559,2.67426982224438e-07,-0.303121394725715,0.088,0.132,0.00979023439225445,LINC01559,down
TAOK3,3.09786779010302e-07,-0.366155848259255,0.667,0.614,0.0113409841927882,TAOK3,down
HLA-C,3.44917804312839e-07,-0.340946256112974,0.955,0.908,0.0126270958980887,HLA-C,down
ID4,3.73454813347537e-07,-0.291203550740087,0.189,0.245,0.01367180726184,ID4,down
TACSTD2,5.58926627424803e-07,-0.35318878214822,0.966,0.901,0.0204617449033946,TACSTD2,down
STS,6.45759367138856e-07,-0.357238855152746,0.184,0.226,0.0236406046715864,STS,down
KRT6B,7.5982108992092e-07,-0.307559450274981,0.398,0.291,0.027816290280915,KRT6B,down
MLPH,7.62968665990352e-07,-0.323669027287044,0.221,0.256,0.0279315198932408,MLPH,down
FTH1,7.78351859855052e-07,-0.747293600628065,0.982,0.941,0.0284946832374336,FTH1,down
ABCG1,1.00409750865438e-06,-0.258307619325338,0.241,0.281,0.0367590056943281,ABCG1,down
SDC1,1.04890540660461e-06,-0.421379255051566,0.783,0.703,0.0383993780303883,SDC1,down
TMOD3,1.06046629397404e-06,-0.295264379751607,0.84,0.764,0.0388226105560957,TMOD3,down
MUC1,1.14787171458474e-06,-0.739293730915448,0.51,0.475,0.0420224355992329,MUC1,down
USP6NL,1.17088875877254e-06,-0.537513871412013,0.511,0.484,0.0428650665699038,USP6NL,down
TAX1BP1,1.17131702322237e-06,-0.341023300515107,0.811,0.708,0.0428807449031477,TAX1BP1,down
SLC12A6,1.21151059986797e-06,-0.421031674606174,0.542,0.528,0.0443521915505664,SLC12A6,down
LMTK2,1.25688221158453e-06,-0.393167062331188,0.53,0.498,0.0460132008838979,LMTK2,down
KDM7A,1.35467558331217e-06,-0.371288955751508,0.441,0.444,0.0495933184294754,KDM7A,down
